City_ID,City,Country,Date,Lat,Lng,Max Temp,Humidity,Cloudiness,Wind Speed
0,Rawson,AR,2021-09-29 21:09:55,-43.3002,-65.1023,72.27,22,100,17.05
1,Severo-Kurilsk,RU,2021-09-29 21:09:55,50.6789,156.125,51.94,90,60,3.65
2,Arraial Do Cabo,BR,2021-09-29 21:09:55,-22.9661,-42.0278,71.46,88,75,4.61
3,Mahebourg,MU,2021-09-29 21:09:56,-20.4081,57.7,72.25,78,71,15.17
4,Dikson,RU,2021-09-29 21:09:56,73.5069,80.5464,33.03,98,100,16.49
5,Tatarsk,RU,2021-09-29 21:09:57,55.219,75.9828,38.21,89,100,7.7
6,Ushuaia,AR,2021-09-29 21:05:46,-54.8,-68.3,44.26,61,75,16.11
7,Atuona,PF,2021-09-29 21:09:57,-9.8,-139.0333,77.67,76,42,19.37
8,Avarua,CK,2021-09-29 21:09:58,-21.2078,-159.775,80.65,74,74,9.22
9,Olot,ES,2021-09-29 21:09:58,42.181,2.4901,69.15,94,97,2.26
10,Nikolskoye,RU,2021-09-29 21:09:59,59.7035,30.7861,46.29,88,57,3.44
11,Hobart,AU,2021-09-29 21:09:59,-42.8794,147.3294,50.05,85,40,1.14
12,Lata,PT,2021-09-29 21:09:59,40.1629,-8.3327,62.08,90,83,1.97
13,East London,ZA,2021-09-29 21:10:00,-33.0153,27.9116,59.5,88,100,16.17
14,Puerto Ayora,EC,2021-09-29 21:09:08,-0.7393,-90.3518,71.71,84,90,10.87
15,Butaritari,KI,2021-09-29 21:10:00,3.0707,172.7902,81.52,79,98,17.05
16,Niksic,ME,2021-09-29 21:10:01,42.7731,18.9445,62.47,78,87,2.17
17,Carnarvon,AU,2021-09-29 21:10:01,-24.8667,113.6333,67.06,84,35,9.98
18,Buchanan,LR,2021-09-29 21:10:03,5.8808,-10.0467,78.76,88,98,4.27
19,Saldanha,ZA,2021-09-29 21:10:03,-33.0117,17.9442,58.1,75,76,14.83
20,Molina,CL,2021-09-29 21:07:06,-35.1167,-71.2833,64.13,39,0,4.61
21,Kharp,RU,2021-09-29 21:10:04,66.8014,65.8081,38.43,93,100,7.99
22,Castletown,IE,2021-09-29 21:10:04,53.0281,-9.0686,50.49,92,100,13.8
23,Saint Anthony,US,2021-09-29 21:10:05,45.0205,-93.218,86.31,49,1,3.0
24,Faanui,PF,2021-09-29 21:10:05,-16.4833,-151.75,79.45,72,16,19.82
25,Barrow,US,2021-09-29 21:10:06,71.2906,-156.7887,30.22,80,90,9.22
26,Albany,US,2021-09-29 21:10:06,42.6001,-73.9662,62.15,65,94,5.97
27,Rio Cuarto,AR,2021-09-29 21:10:07,-33.1307,-64.3499,74.97,46,0,28.77
28,Busselton,AU,2021-09-29 21:10:07,-33.65,115.3333,58.08,86,5,7.47
29,Vaini,TO,2021-09-29 21:10:08,-21.2,-175.2,77.16,83,75,10.36
30,Norrtalje,SE,2021-09-29 21:10:08,59.758,18.705,54.01,81,90,9.89
31,Rikitea,PF,2021-09-29 21:08:29,-23.1203,-134.9692,73.27,68,100,17.65
32,Zhezkazgan,KZ,2021-09-29 21:10:08,47.8043,67.7144,45.63,62,100,12.91
33,Hoquiam,US,2021-09-29 21:10:09,46.9809,-123.8893,58.44,63,90,5.75
34,Lebu,CL,2021-09-29 21:10:09,-37.6167,-73.65,50.72,87,100,12.44
35,Yellowknife,CA,2021-09-29 21:10:09,62.456,-114.3525,51.42,99,90,1.99
36,Cherskiy,RU,2021-09-29 21:10:10,68.75,161.3,24.28,94,89,11.61
37,Provideniya,RU,2021-09-29 21:10:10,64.3833,-173.3,37.51,65,90,17.9
38,Codrington,AU,2021-09-29 21:10:11,-38.2667,141.9667,53.44,96,100,22.88
39,Lorengau,PG,2021-09-29 21:10:11,-2.0226,147.2712,80.83,82,71,3.78
40,Belmonte,BR,2021-09-29 21:10:12,-15.8631,-38.8828,77.5,80,0,8.34
41,Cape Town,ZA,2021-09-29 21:05:36,-33.9258,18.4232,60.28,57,59,11.05
42,Tessalit,ML,2021-09-29 21:10:12,20.1986,1.0114,90.52,16,39,10.38
43,Mount Isa,AU,2021-09-29 21:10:13,-20.7333,139.5,69.57,73,6,0.0
44,Isangel,VU,2021-09-29 21:10:13,-19.55,169.2667,75.33,81,56,13.91
45,Hami,CN,2021-09-29 21:10:13,42.8,93.45,64.51,21,14,6.89
46,Mar Del Plata,AR,2021-09-29 21:10:14,-38.0023,-57.5575,60.01,51,0,28.99
47,Alofi,NU,2021-09-29 21:10:14,-19.0595,-169.9187,78.69,89,75,11.5
48,Shitanjing,CN,2021-09-29 21:10:15,39.2342,106.3439,61.57,28,10,5.46
49,Alice Springs,AU,2021-09-29 21:10:15,-23.7,133.8833,56.75,38,2,5.75
50,Neyshabur,IR,2021-09-29 21:10:15,36.2133,58.7958,66.87,29,0,2.37
51,Kudahuvadhoo,MV,2021-09-29 21:10:16,2.6708,72.8944,81.99,74,46,7.85
52,Hermanus,ZA,2021-09-29 21:10:16,-34.4187,19.2345,57.79,78,93,22.32
53,New Norfolk,AU,2021-09-29 21:10:17,-42.7826,147.0587,49.71,70,100,1.72
54,Bluff,NZ,2021-09-29 21:10:17,-46.6,168.3333,47.8,61,85,19.82
55,Taoudenni,ML,2021-09-29 21:10:18,22.6783,-3.9836,94.39,7,0,10.02
56,Sola,VU,2021-09-29 21:10:18,-13.8833,167.55,79.52,80,88,21.74
57,Komsomolskiy,UZ,2021-09-29 21:10:19,40.4272,71.7189,62.02,33,0,2.28
58,Saint-Philippe,RE,2021-09-29 21:10:19,-21.3585,55.7679,71.15,80,47,14.09
59,Barentu,ER,2021-09-29 21:10:20,15.1139,37.5928,78.08,48,97,5.03
60,Lavrentiya,RU,2021-09-29 21:10:20,65.5833,-171.0,33.93,83,100,9.69
61,Mananjary,MG,2021-09-29 21:10:20,-21.2167,48.3333,69.44,83,57,9.78
62,Fukue,JP,2021-09-29 21:10:21,32.6881,128.8419,77.0,82,62,6.4
63,Mayo,US,2021-09-29 21:10:21,38.8876,-76.5119,73.94,53,1,4.0
64,Walvis Bay,NA,2021-09-29 21:10:22,-22.9575,14.5053,55.09,92,0,8.46
65,Guangyuan,CN,2021-09-29 21:10:22,32.442,105.823,67.08,90,75,0.76
66,Petropavlovsk-Kamchatskiy,RU,2021-09-29 21:10:22,53.0452,158.6483,45.19,100,75,6.71
67,Georgetown,MY,2021-09-29 21:08:47,5.4112,100.3354,77.9,92,20,1.01
68,Cabedelo,BR,2021-09-29 21:08:00,-6.9811,-34.8339,79.47,82,38,14.2
69,Coihaique,CL,2021-09-29 21:08:53,-45.5752,-72.0662,51.75,54,75,4.61
70,Susangerd,IR,2021-09-29 21:10:24,31.5608,48.1831,80.62,16,0,7.72
71,At-Bashi,KG,2021-09-29 21:10:24,41.1702,75.8106,47.39,33,0,1.61
72,Haines Junction,CA,2021-09-29 21:10:25,60.7522,-137.5108,37.35,60,99,1.14
73,Andenes,NO,2021-09-29 21:10:25,69.3143,16.1194,48.47,87,89,8.05
74,Port Elizabeth,ZA,2021-09-29 21:10:26,-33.918,25.5701,55.09,72,100,16.69
75,Ancud,CL,2021-09-29 21:10:26,-41.8697,-73.8203,49.53,89,99,16.82
76,Nanortalik,GL,2021-09-29 21:10:26,60.1432,-45.2371,36.12,68,3,9.08
77,Qaqortoq,GL,2021-09-29 21:10:27,60.7167,-46.0333,36.1,51,4,3.91
78,Mosquera,CO,2021-09-29 21:08:57,4.7059,-74.2302,57.29,88,75,9.22
79,Cozumel,MX,2021-09-29 21:06:11,20.5083,-86.9458,88.0,70,40,1.99
80,Thompson,CA,2021-09-29 21:10:28,55.7435,-97.8558,70.23,57,100,9.42
81,Key West,US,2021-09-29 21:06:51,24.5557,-81.7826,86.0,61,1,12.66
82,Tuktoyaktuk,CA,2021-09-29 21:10:28,69.4541,-133.0374,32.76,93,100,26.96
83,Kismayo,SO,2021-09-29 21:10:29,-0.3582,42.5454,77.2,89,93,12.57
84,Vardo,NO,2021-09-29 21:10:29,70.3705,31.1107,43.0,86,22,7.56
85,Mpika,ZM,2021-09-29 21:10:30,-11.8343,31.4529,69.82,38,42,6.6
86,Tura,IN,2021-09-29 21:10:30,25.5198,90.2201,72.68,83,95,1.66
87,Husavik,IS,2021-09-29 21:10:30,66.0449,-17.3389,39.11,73,60,15.32
88,Larsnes,NO,2021-09-29 21:10:31,62.2028,5.5773,57.0,65,100,5.39
89,Rudbar,AF,2021-09-29 21:10:31,30.15,62.6,79.79,16,0,7.7
90,Souillac,MU,2021-09-29 21:10:31,-20.5167,57.5167,72.36,81,19,14.16
91,Plettenberg Bay,ZA,2021-09-29 21:05:41,-34.0527,23.3716,56.43,83,100,15.17
92,Bredasdorp,ZA,2021-09-29 21:10:32,-34.5322,20.0403,57.27,79,100,18.75
93,Kruisfontein,ZA,2021-09-29 21:10:32,-34.0033,24.7314,52.88,81,100,13.69
94,Jamestown,US,2021-09-29 21:08:05,42.097,-79.2353,67.32,50,1,4.0
95,Pangnirtung,CA,2021-09-29 21:10:33,66.1451,-65.7125,36.01,53,75,0.56
96,Guerrero Negro,MX,2021-09-29 21:10:34,27.9769,-114.0611,73.53,59,0,18.66
97,Ilo,PE,2021-09-29 21:10:34,-17.6394,-71.3375,63.19,75,16,6.64
98,Kapuskasing,CA,2021-09-29 21:10:34,49.4169,-82.4331,48.74,79,100,4.29
99,Portland,US,2021-09-29 21:10:10,45.5234,-122.6762,69.37,60,75,3.0
100,Humaita,BR,2021-09-29 21:10:35,-7.5061,-63.0208,90.72,45,94,3.29
101,Gold Coast,AU,2021-09-29 21:10:36,-28.0,153.4333,66.24,93,75,3.0
102,Kyra,RU,2021-09-29 21:10:36,49.5776,111.9753,25.86,79,14,5.68
103,Bejar,ES,2021-09-29 21:10:36,40.3864,-5.7634,62.58,56,75,6.02
104,Uhlove,UA,2021-09-29 21:10:37,44.8215,33.6045,54.57,76,5,16.37
105,Karabanovo,RU,2021-09-29 21:10:37,56.3167,38.7,43.3,84,100,3.22
106,Gornopravdinsk,RU,2021-09-29 21:10:38,60.05,69.9,32.31,89,89,4.72
107,Dharmadam,IN,2021-09-29 21:10:38,11.7833,75.4333,75.61,88,26,2.91
108,Polunochnoye,RU,2021-09-29 21:10:39,60.8697,60.4153,29.05,90,8,3.02
109,Dunedin,NZ,2021-09-29 21:10:39,-45.8742,170.5036,45.81,67,83,16.08
110,Mataura,NZ,2021-09-29 21:10:40,-46.1927,168.8643,47.48,96,100,7.11
111,Lompoc,US,2021-09-29 21:10:40,34.6391,-120.4579,84.09,61,1,12.66
112,Coeneo,MX,2021-09-29 21:10:40,19.8167,-101.5833,76.21,74,88,2.1
113,Chokurdakh,RU,2021-09-29 21:10:41,70.6333,147.9167,20.66,95,100,5.32
114,Abha,SA,2021-09-29 21:10:41,18.2164,42.5053,62.85,72,96,0.0
115,Dicabisagan,PH,2021-09-29 21:10:42,17.0818,122.4157,78.21,87,91,4.03
116,Ribeira Grande,PT,2021-09-29 21:10:42,38.5167,-28.7,72.59,86,8,10.54
117,Kapaa,US,2021-09-29 21:10:42,22.0752,-159.319,82.72,70,40,4.0
118,Poum,NC,2021-09-29 21:10:43,-20.2333,164.0167,73.96,73,8,17.65
119,Northam,GB,2021-09-29 21:10:43,51.0333,-4.2167,56.08,83,49,8.3
120,Serenje,ZM,2021-09-29 21:10:44,-13.2325,30.2352,70.21,34,68,3.51
121,Port Alfred,ZA,2021-09-29 21:10:44,-33.5906,26.891,59.92,74,100,18.39
122,Takhtamukay,RU,2021-09-29 21:10:45,44.9215,38.9958,52.95,78,0,15.66
123,Miramar,US,2021-09-29 21:07:25,25.9873,-80.2323,87.8,62,1,11.5
124,Rodrigues Alves,BR,2021-09-29 21:10:45,-7.738,-72.6509,77.04,83,99,2.21
125,Rongcheng,CN,2021-09-29 21:10:46,30.634,117.8517,67.87,99,15,3.83
126,Killam,CA,2021-09-29 21:10:46,52.7834,-111.8518,65.61,22,0,12.95
127,Poddorye,RU,2021-09-29 21:10:46,57.4695,31.1156,38.97,85,82,3.56
128,Bryan,US,2021-09-29 21:10:11,30.6744,-96.37,88.7,60,1,5.75
129,Yanam,IN,2021-09-29 21:10:47,16.7333,82.2167,77.54,91,80,0.34
130,Los Aquijes,PE,2021-09-29 21:10:48,-14.0967,-75.6908,60.21,41,6,13.02
131,Upernavik,GL,2021-09-29 21:10:48,72.7868,-56.1549,31.39,60,99,1.48
132,Qaanaaq,GL,2021-09-29 21:10:48,77.484,-69.3632,16.77,79,1,7.74
133,Matara,LK,2021-09-29 21:10:49,5.9485,80.5353,78.06,88,99,8.28
134,Cabo San Lucas,MX,2021-09-29 21:08:34,22.8909,-109.9124,91.51,66,6,5.91
135,Nouadhibou,MR,2021-09-29 21:10:50,20.931,-17.0347,73.31,77,0,26.49
136,Pevek,RU,2021-09-29 21:10:50,69.7008,170.3133,27.81,82,100,21.92
137,Faya,SA,2021-09-29 21:10:50,18.3851,42.4509,63.12,41,70,2.75
138,Hilo,US,2021-09-29 21:10:51,19.7297,-155.09,88.29,69,90,8.05
139,Tasiilaq,GL,2021-09-29 21:10:51,65.6145,-37.6368,39.36,67,11,7.54
140,Novoorsk,RU,2021-09-29 21:10:51,51.381,58.9813,38.05,69,99,10.47
141,Belyy Yar,RU,2021-09-29 21:10:52,53.6039,91.3903,39.09,87,40,6.71
142,Punta Arenas,CL,2021-09-29 21:08:00,-53.15,-70.9167,50.11,43,0,18.41
143,Conde,BR,2021-09-29 21:10:52,-7.2597,-34.9075,78.26,89,20,9.22
144,Makushino,RU,2021-09-29 21:10:53,55.2103,67.2442,36.27,92,94,7.65
145,Mailsi,PK,2021-09-29 21:10:53,29.8003,72.1758,85.05,61,1,7.47
146,Birobidzhan,RU,2021-09-29 21:10:54,48.8,132.95,44.19,88,0,5.5
147,San Quintin,MX,2021-09-29 21:10:54,30.4833,-115.95,70.47,60,4,14.61
148,Ponta Do Sol,PT,2021-09-29 21:10:54,32.6667,-17.1,72.23,67,12,8.41
149,Anloga,GH,2021-09-29 21:10:55,5.7947,0.8973,79.59,83,100,11.16
150,Sitka,US,2021-09-29 21:10:56,57.0531,-135.33,49.89,76,90,17.27
151,Taksimo,RU,2021-09-29 21:07:53,56.3444,114.8794,30.74,80,98,4.16
152,Cidreira,BR,2021-09-29 21:10:56,-30.1811,-50.2056,64.26,86,57,15.43
153,Padang,ID,2021-09-29 21:10:57,-0.9492,100.3543,75.2,89,100,3.69
154,College,US,2021-09-29 21:10:57,64.8569,-147.8028,29.86,81,90,3.44
155,Bayangol,RU,2021-09-29 21:10:57,50.6977,103.4656,23.58,90,11,1.61
156,Iguape,BR,2021-09-29 21:10:58,-24.7081,-47.5553,70.12,88,21,9.48
157,Naples,IT,2021-09-29 21:10:58,40.8333,14.25,72.75,86,20,1.14
158,Hithadhoo,MV,2021-09-29 21:10:59,-0.6,73.0833,80.83,76,100,2.71
159,Kodiak,US,2021-09-29 21:10:59,57.79,-152.4072,45.81,53,53,8.23
160,Norman Wells,CA,2021-09-29 21:10:59,65.282,-126.8329,35.28,67,26,0.6
161,Brunswick,US,2021-09-29 21:06:32,41.2381,-81.8418,73.72,59,1,1.01
162,Zorritos,PE,2021-09-29 21:11:00,-3.6805,-80.6782,73.36,76,41,11.59
163,Castro,BR,2021-09-29 21:11:00,-24.7911,-50.0119,72.5,66,16,5.21
164,Puerto Cabezas,NI,2021-09-29 21:11:01,14.0351,-83.3888,84.69,68,75,7.36
165,George,ZA,2021-09-29 21:11:01,-33.963,22.4617,53.15,94,90,11.5
166,Vila Velha,BR,2021-09-29 21:09:15,-20.3297,-40.2925,75.15,83,20,16.11
167,Esperance,AU,2021-09-29 21:11:02,-33.8667,121.9,53.01,86,35,10.58
168,Lakhnadon,IN,2021-09-29 21:11:02,22.6,79.6,72.43,89,33,3.33
169,Nandi Hills,KE,2021-09-29 21:11:03,0.1066,35.1838,59.02,73,97,4.32
170,Tazmalt,DZ,2021-09-29 21:11:03,36.3868,4.3989,70.45,73,0,4.27
171,Taltal,CL,2021-09-29 21:11:04,-25.4,-70.4833,62.73,66,22,2.59
172,Te Anau,NZ,2021-09-29 21:11:04,-45.4167,167.7167,41.36,80,77,0.85
173,Bethel,US,2021-09-29 21:11:04,41.3712,-73.414,65.91,59,75,6.91
174,Novolakskoye,RU,2021-09-29 21:11:05,43.1195,46.4828,50.22,93,100,5.46
175,Nemuro,JP,2021-09-29 21:11:05,43.3236,145.575,60.03,82,100,18.77
176,Toktogul,KG,2021-09-29 21:11:06,41.8708,72.9402,60.37,51,1,0.83
177,Ternate,ID,2021-09-29 21:11:06,0.8,127.4,80.31,80,83,3.31
178,Atar,MR,2021-09-29 21:11:07,20.5169,-13.0499,96.37,10,4,7.23
179,Emba,KZ,2021-09-29 21:11:07,48.8264,58.1442,37.78,86,97,7.38
180,Zaritap,AM,2021-09-29 21:11:07,39.6363,45.5096,56.59,64,44,6.38
181,Bairiki,KI,2021-09-29 21:11:08,1.3292,172.9752,84.2,65,75,14.97
182,Saskylakh,RU,2021-09-29 21:11:09,71.9167,114.0833,21.88,91,96,3.24
183,San Jose,US,2021-09-29 21:07:30,37.3394,-121.895,82.27,29,20,3.0
184,Leningradskiy,RU,2021-09-29 21:11:09,69.3833,178.4167,27.21,96,100,10.63
185,Paamiut,GL,2021-09-29 21:11:10,61.994,-49.6678,33.62,49,0,5.14
186,Burgeo,CA,2021-09-29 21:11:10,47.6167,-57.6152,58.51,97,100,7.2
187,Longyearbyen,SJ,2021-09-29 21:11:11,78.2186,15.6401,35.44,87,75,3.44
188,Bonavista,CA,2021-09-29 21:11:11,48.6499,-53.1147,56.12,94,100,16.31
189,Bansgaon,IN,2021-09-29 21:11:12,26.5586,83.3481,76.82,89,35,6.35
190,Aleksandrov Gay,RU,2021-09-29 21:11:12,50.147,48.5704,42.76,55,8,7.38
191,Mocuba,MZ,2021-09-29 21:11:13,-16.8392,36.9856,75.45,74,4,3.74
192,Kahului,US,2021-09-29 21:08:22,20.8947,-156.47,87.82,68,40,20.71
193,Port Macquarie,AU,2021-09-29 21:11:14,-31.4333,152.9167,60.76,88,100,11.45
194,Kirakira,SB,2021-09-29 21:11:14,-10.4544,161.9205,81.55,79,62,8.16
195,Kamaishi,JP,2021-09-29 21:11:14,39.2667,141.8833,67.82,92,57,11.07
196,General Roca,AR,2021-09-29 21:11:15,-39.0333,-67.5833,77.4,11,0,9.89
197,Mehamn,NO,2021-09-29 21:11:15,71.0357,27.8492,37.35,100,0,4.61
198,Karratha,AU,2021-09-29 21:11:16,-20.7377,116.8463,72.36,31,7,7.67
199,Safaga,EG,2021-09-29 21:11:16,26.7292,33.9365,82.74,37,0,18.61
200,Kavieng,PG,2021-09-29 21:11:17,-2.5744,150.7967,81.77,81,97,13.0
201,Millinocket,US,2021-09-29 21:08:43,45.6573,-68.7098,57.31,64,90,6.91
202,Xam Nua,LA,2021-09-29 21:11:17,20.4197,104.0439,65.77,98,2,1.52
203,Siverek,TR,2021-09-29 21:11:18,37.755,39.3167,68.61,27,3,3.98
204,Koraput,IN,2021-09-29 21:11:19,18.8167,82.7167,70.63,91,100,0.34
205,Alihe,CN,2021-09-29 21:11:19,50.5667,123.7167,31.33,87,47,3.29
206,Greenville,US,2021-09-29 21:08:21,35.6127,-77.3663,83.28,58,40,3.44
207,Banjar,ID,2021-09-29 21:11:20,-8.19,114.9675,78.66,88,19,4.65
208,Eureka,US,2021-09-29 21:11:20,40.8021,-124.1637,69.21,69,17,4.0
209,Henties Bay,NA,2021-09-29 21:11:20,-22.116,14.2845,54.86,92,0,7.0
210,Sorland,NO,2021-09-29 21:11:21,67.667,12.6934,46.47,81,100,10.16
211,Olafsvik,IS,2021-09-29 21:11:21,64.8945,-23.7142,41.07,83,100,8.66
212,Clyde River,CA,2021-09-29 21:11:22,70.4692,-68.5914,30.43,100,75,11.5
213,Sheksna,RU,2021-09-29 21:11:22,59.21,38.5107,40.53,91,71,2.75
214,Winchester,GB,2021-09-29 21:11:23,51.0651,-1.3187,51.48,73,0,5.01
215,Alugan,PH,2021-09-29 21:11:23,12.2188,125.4808,78.06,89,100,4.45
216,Oda,JP,2021-09-29 21:11:24,35.1833,132.5,70.32,85,55,6.38
217,Talnakh,RU,2021-09-29 21:11:24,69.4865,88.3972,31.93,95,100,15.03
218,Baykit,RU,2021-09-29 21:11:25,61.67,96.37,32.85,93,43,0.65
219,Sinnamary,GF,2021-09-29 21:11:26,5.3833,-52.95,82.24,74,46,8.88
220,Oskarshamn,SE,2021-09-29 21:11:26,57.2645,16.4484,55.17,77,100,16.73
221,Narsaq,GL,2021-09-29 21:11:27,60.9167,-46.05,35.82,47,8,2.98
222,Matamoros,MX,2021-09-29 21:11:27,25.5333,-103.25,88.11,24,0,5.57
223,Jishou,CN,2021-09-29 21:11:27,28.3167,109.7167,68.4,95,0,1.05
224,Ca Mau,VN,2021-09-29 21:11:28,9.1769,105.15,76.89,92,100,2.66
225,Nha Trang,VN,2021-09-29 21:11:28,12.25,109.1833,78.8,92,37,4.27
226,Shingu,JP,2021-09-29 21:11:29,33.7333,135.9833,71.49,89,100,8.23
227,Samarinda,ID,2021-09-29 21:11:29,-0.5,117.15,73.38,99,53,1.72
228,Fairbanks,US,2021-09-29 21:08:56,64.8378,-147.7164,28.22,81,90,0.0
229,Airai,TL,2021-09-29 21:11:30,-8.9266,125.4092,58.17,71,43,2.48
230,Lethem,GY,2021-09-29 21:11:30,3.3803,-59.7968,86.0,59,100,3.09
231,Saint George,US,2021-09-29 21:11:02,37.1041,-113.5841,77.47,30,1,4.0
232,Ponta Delgada,PT,2021-09-29 21:10:18,37.7333,-25.6667,72.32,88,20,3.44
233,Salalah,OM,2021-09-29 21:11:31,17.0151,54.0924,82.49,89,20,4.61
234,Lala,PH,2021-09-29 21:11:31,7.9745,123.7458,75.38,95,100,0.47
235,Torrington,US,2021-09-29 21:11:32,41.8007,-73.1212,64.49,63,65,1.99
236,Meulaboh,ID,2021-09-29 21:11:32,4.1363,96.1285,75.13,93,100,6.44
237,Luderitz,NA,2021-09-29 21:11:32,-26.6481,15.1594,57.24,81,94,17.69
238,Srikakulam,IN,2021-09-29 21:11:33,18.3,83.9,79.52,85,100,2.21
239,The Valley,AI,2021-09-29 21:11:33,18.217,-63.0578,86.83,74,40,8.05
240,San Patricio,US,2021-09-29 21:11:34,28.017,-97.5169,86.72,57,8,13.58
241,Vysha,RU,2021-09-29 21:11:34,53.8477,42.3777,37.38,81,32,2.93
242,Ilulissat,GL,2021-09-29 21:11:34,69.2167,-51.1,20.84,76,100,4.27
243,Suileng,CN,2021-09-29 21:11:35,47.25,127.0833,40.66,69,0,5.66
244,Breyten,ZA,2021-09-29 21:11:35,-26.3018,29.987,53.94,84,98,10.04
245,Presidencia Roque Saenz Pena,AR,2021-09-29 21:11:35,-26.7852,-60.4388,82.13,53,44,8.81
246,Xuddur,SO,2021-09-29 21:11:36,4.1213,43.8894,75.76,66,42,17.02
247,Cayenne,GF,2021-09-29 21:11:36,4.9333,-52.3333,82.09,78,20,1.99
248,Moranbah,AU,2021-09-29 21:11:37,-22.0016,148.0466,65.07,77,80,7.25
249,Magadi,IN,2021-09-29 21:11:37,12.9667,77.2333,70.14,93,98,4.9
250,Jizan,SA,2021-09-29 21:11:37,17.3333,42.6667,90.27,53,97,5.55
251,Severodvinsk,RU,2021-09-29 21:11:38,64.5635,39.8302,42.91,90,71,7.76
252,Itarema,BR,2021-09-29 21:11:38,-2.9248,-39.9167,79.68,81,2,15.57
253,Pingxiang,CN,2021-09-29 21:11:39,27.6167,113.85,70.92,92,71,1.72
254,Vila Franca Do Campo,PT,2021-09-29 21:11:39,37.7167,-25.4333,72.01,89,10,2.48
255,Inirida,CO,2021-09-29 21:11:41,3.8653,-67.9239,78.42,89,100,2.08
256,Pangoa,PE,2021-09-29 21:11:41,-12.1167,-73.0,82.44,62,98,2.89
257,Port Hedland,AU,2021-09-29 21:11:41,-20.3167,118.5667,60.85,100,13,0.0
258,Grindavik,IS,2021-09-29 21:11:42,63.8424,-22.4338,40.95,87,75,16.11
259,Goiatuba,BR,2021-09-29 21:11:42,-18.0125,-49.3547,87.73,27,67,4.59
260,Seoul,KR,2021-09-29 21:08:08,37.5683,126.9778,65.59,93,3,2.57
261,Hualmay,PE,2021-09-29 21:11:43,-11.0964,-77.6139,66.15,76,63,6.89
262,Bambous Virieux,MU,2021-09-29 21:11:43,-20.3428,57.7575,72.21,83,40,10.36
263,Korla,CN,2021-09-29 21:11:44,41.7597,86.1469,67.64,23,32,8.66
264,Torbay,CA,2021-09-29 21:11:44,47.6666,-52.7314,65.88,92,40,5.01
265,Nome,US,2021-09-29 21:11:45,64.5011,-165.4064,35.67,80,75,12.66
266,Fortuna,US,2021-09-29 21:11:45,40.5982,-124.1573,72.19,48,1,1.99
267,Baicheng,CN,2021-09-29 21:11:46,45.6167,122.8167,45.55,45,94,4.99
268,Hervey Bay,AU,2021-09-29 21:11:46,-25.2986,152.8535,72.03,85,98,11.52
269,Balurghat,IN,2021-09-29 21:11:47,25.2167,88.7667,76.01,91,100,2.48
270,Dudinka,RU,2021-09-29 21:11:47,69.4058,86.1778,32.18,99,100,19.39
271,Saint-Augustin,CA,2021-09-29 21:11:47,51.226,-58.6502,51.64,76,100,16.24
272,Flinders,AU,2021-09-29 21:11:48,-34.5833,150.8552,64.06,85,98,3.0
273,Ostrovnoy,RU,2021-09-29 21:11:48,68.0531,39.5131,43.54,92,57,9.01
274,Beringovskiy,RU,2021-09-29 21:11:49,63.05,179.3167,22.69,94,100,36.37
275,Sarandi,BR,2021-09-29 21:11:49,-23.4436,-51.8739,85.03,38,60,9.89
276,Ben Tre,VN,2021-09-29 21:11:49,10.2333,106.3833,75.74,95,74,2.37
277,Palimbang,PH,2021-09-29 21:11:50,6.2106,124.1894,79.16,82,100,3.49
278,Lar,IN,2021-09-29 21:11:50,26.2039,83.9717,76.21,89,50,5.93
279,Rajkot,IN,2021-09-29 21:11:36,22.3,70.7833,74.3,97,100,15.21
280,Dalvik,IS,2021-09-29 21:11:51,65.9702,-18.5286,39.13,78,77,12.95
281,Chumikan,RU,2021-09-29 21:11:51,54.7183,135.315,40.32,84,83,12.97
282,Iskateley,RU,2021-09-29 21:11:52,67.6803,53.1512,43.92,92,100,9.66
283,Ahipara,NZ,2021-09-29 21:11:52,-35.1667,173.1667,57.99,75,64,12.19
284,Touros,BR,2021-09-29 21:11:05,-5.1989,-35.4608,79.7,81,11,16.31
285,Shenjiamen,CN,2021-09-29 21:11:53,29.9576,122.298,75.87,86,62,16.22
286,Chicama,PE,2021-09-29 21:11:53,-7.8447,-79.1469,63.14,67,96,10.04
287,Sussex,US,2021-09-29 21:11:54,41.1834,-74.6663,67.19,55,75,4.61
288,Caravelas,BR,2021-09-29 21:11:54,-17.7125,-39.2481,74.07,82,0,8.93
289,Ahmadpur,IN,2021-09-29 21:11:55,18.7,76.9333,72.09,91,100,7.94
290,Ludza,LV,2021-09-29 21:11:55,56.55,27.7167,39.25,86,16,5.35
291,Saint-Pierre,RE,2021-09-29 21:11:55,-21.3393,55.4781,71.24,76,20,6.91
292,Mount Gambier,AU,2021-09-29 21:11:56,-37.8333,140.7667,53.51,94,90,13.8
293,Kupang,ID,2021-09-29 21:11:56,-10.1667,123.5833,74.79,84,41,5.06
294,Kuna,US,2021-09-29 21:11:57,43.4918,-116.4201,65.05,42,1,4.0
295,Kimbe,PG,2021-09-29 21:11:57,-5.5502,150.1429,77.97,88,86,2.42
296,Makakilo City,US,2021-09-29 21:11:58,21.3469,-158.0858,86.32,59,75,6.91
297,Aklavik,CA,2021-09-29 21:11:58,68.2191,-135.0107,32.72,75,89,5.1
298,Malazgirt,TR,2021-09-29 21:11:59,39.1427,42.5401,56.34,43,6,2.95
299,Kongoussi,BF,2021-09-29 21:11:59,13.3258,-1.5347,89.11,37,52,6.02
300,Nikel,RU,2021-09-29 21:11:59,69.4128,30.222,46.58,91,13,8.23
301,Maragogi,BR,2021-09-29 21:11:12,-9.0122,-35.2225,74.98,87,96,8.84
302,Bandrele,YT,2021-09-29 21:12:00,-12.9067,45.1914,78.55,73,0,9.22
303,Garowe,SO,2021-09-29 21:12:00,8.4054,48.4845,79.68,62,64,10.45
304,Vao,NC,2021-09-29 21:12:01,-22.6667,167.4833,69.53,77,93,22.3
305,Kieta,PG,2021-09-29 21:12:01,-6.2167,155.6333,80.33,85,72,4.07
306,Librazhd,AL,2021-09-29 21:12:02,41.1794,20.315,65.5,85,100,5.3
307,Bay Roberts,CA,2021-09-29 21:12:02,47.5999,-53.2648,66.65,91,64,1.99
308,Muroto,JP,2021-09-29 21:12:03,33.2833,134.15,75.54,79,96,15.7
309,Loknya,RU,2021-09-29 21:12:03,56.83,30.1467,38.64,87,16,3.78
310,Naze,JP,2021-09-29 21:12:04,28.3667,129.4833,77.4,80,33,15.5
311,Birao,CF,2021-09-29 21:12:04,10.2849,22.7882,76.08,75,36,1.81
312,Grand Gaube,MU,2021-09-29 21:11:36,-20.0064,57.6608,72.37,74,81,3.0
313,Sandpoint,US,2021-09-29 21:12:05,48.2766,-116.5533,59.45,61,90,1.01
314,Montepuez,MZ,2021-09-29 21:12:05,-13.1256,38.9997,71.58,79,2,8.3
315,Alta Floresta,BR,2021-09-29 21:12:06,-9.8756,-56.0861,84.6,55,29,7.07
316,Yulara,AU,2021-09-29 21:12:06,-25.2406,130.9889,49.84,43,2,5.75
317,Labuan,MY,2021-09-29 21:12:07,5.2767,115.2417,77.16,78,100,3.49
318,Broome,US,2021-09-29 21:12:07,42.2506,-75.833,63.01,67,90,1.01
319,Katsuura,JP,2021-09-29 21:12:07,35.1333,140.3,71.19,75,100,6.44
320,Khatanga,RU,2021-09-29 21:12:08,71.9667,102.5,30.33,96,100,13.67
321,Takoradi,GH,2021-09-29 21:12:08,4.8845,-1.7554,76.48,90,84,6.8
322,Turbana,CO,2021-09-29 21:12:08,10.2717,-75.4422,77.81,75,100,5.59
323,Pathein,MM,2021-09-29 21:12:09,16.7833,94.7333,77.16,91,11,5.03
324,Bauchi,NG,2021-09-29 21:12:09,10.5,10.0,73.09,86,90,2.04
325,Oktyabrskoye,RU,2021-09-29 21:12:10,43.0645,44.7417,46.54,93,100,13.42
326,Canton,CN,2021-09-29 21:08:54,23.1167,113.25,82.94,77,3,3.47
327,Sao Filipe,CV,2021-09-29 21:11:20,14.8961,-24.4956,79.41,81,67,4.97
328,Oriximina,BR,2021-09-29 21:12:11,-1.7656,-55.8661,90.93,45,84,2.28
329,Linxia,CN,2021-09-29 21:12:11,35.6003,103.2064,53.31,59,4,3.76
330,Bafra,TR,2021-09-29 21:12:12,41.5678,35.9069,62.82,73,64,9.01
331,Kavaratti,IN,2021-09-29 21:12:12,10.5669,72.642,81.27,77,22,15.1
332,Neos Marmaras,GR,2021-09-29 21:12:13,40.1,23.7833,68.76,58,100,20.24
333,Victoria,HK,2021-09-29 21:09:56,22.2855,114.1577,85.96,88,2,5.79
334,Mabaruma,GY,2021-09-29 21:12:13,8.2,-59.7833,82.49,73,93,5.99
335,Bisho,ZA,2021-09-29 21:12:14,-32.8472,27.4422,52.63,97,100,10.31
336,Shimoda,JP,2021-09-29 21:12:14,34.6667,138.95,68.11,78,100,7.07
337,Rabo De Peixe,PT,2021-09-29 21:12:14,37.8,-25.5833,71.11,88,20,3.44
338,Maumere,ID,2021-09-29 21:12:15,-8.6199,122.2111,77.45,81,55,3.67
339,Paita,PE,2021-09-29 21:12:15,-5.0892,-81.1144,67.93,76,49,15.48
340,Salinopolis,BR,2021-09-29 21:12:16,-0.6136,-47.3561,81.14,76,12,9.31
341,Roma,US,2021-09-29 21:08:03,43.2128,-75.4557,64.26,55,90,11.5
342,Eyl,SO,2021-09-29 21:12:17,7.9803,49.8164,79.52,74,16,16.98
343,Nhulunbuy,AU,2021-09-29 21:11:56,-12.2333,136.7667,77.61,83,61,10.36
344,Manicore,BR,2021-09-29 21:12:18,-5.8092,-61.3003,88.97,53,100,2.01
345,Hofn,IS,2021-09-29 21:12:18,64.2539,-15.2082,44.38,73,70,7.23
346,San Jeronimo,PE,2021-09-29 21:12:19,-11.9472,-75.2829,62.96,41,96,7.78
347,Burnie,AU,2021-09-29 21:12:19,-41.0667,145.9167,53.92,70,100,16.96
348,Tezu,IN,2021-09-29 21:12:20,27.9167,96.1667,73.27,87,15,3.15
349,Shubarshi,KZ,2021-09-29 21:12:20,48.5872,57.1869,39.25,71,89,7.52
350,Kenora,CA,2021-09-29 21:12:21,49.8167,-94.4337,81.57,47,75,13.8
351,Mankera,PK,2021-09-29 21:12:21,31.3866,71.4407,89.13,46,0,9.1
352,Marrakesh,MA,2021-09-29 21:09:11,31.6315,-8.0083,82.47,47,75,3.44
353,Las Choapas,MX,2021-09-29 21:12:22,17.9333,-94.0833,93.25,68,30,2.17
354,Klaksvik,FO,2021-09-29 21:12:22,62.2266,-6.589,41.92,64,36,3.44
355,Praia,CV,2021-09-29 21:12:23,14.9215,-23.5087,81.14,78,20,10.36
356,Vilhena,BR,2021-09-29 21:08:44,-12.7406,-60.1458,82.78,49,63,3.38
357,Sindor,RU,2021-09-29 21:12:23,62.8629,51.8905,40.5,94,100,5.21
358,Abu Kamal,SY,2021-09-29 21:12:24,34.4506,40.9171,78.49,31,0,1.66
359,Marienburg,PL,2021-09-29 21:12:24,54.0359,19.0266,56.88,62,100,14.18
360,Necochea,AR,2021-09-29 21:12:24,-38.5473,-58.7368,66.04,69,0,14.09
361,Bud,US,2021-09-29 21:12:25,39.447,-86.1758,86.25,52,2,4.18
362,Lazaro Cardenas,MX,2021-09-29 21:12:25,17.9583,-102.2,83.71,71,100,6.2
363,Phon Thong,TH,2021-09-29 21:12:26,16.3016,103.9768,77.67,81,7,2.86
364,Deputatskiy,RU,2021-09-29 21:12:26,69.3,139.9,11.89,90,13,3.58
365,Manmad,IN,2021-09-29 21:12:26,20.25,74.45,71.67,88,100,4.97
366,Kuytun,RU,2021-09-29 21:12:27,54.3419,101.5036,26.56,90,9,2.59
367,Agudos,BR,2021-09-29 21:12:27,-22.4692,-48.9875,81.01,41,100,1.95
368,Sarangani,PH,2021-09-29 21:12:28,5.4033,125.4636,83.12,73,99,3.91
369,Yarada,IN,2021-09-29 21:12:28,17.65,83.2667,80.92,94,40,2.3
370,Anori,BR,2021-09-29 21:12:28,-3.7728,-61.6442,77.88,86,87,4.56
371,Vale,GE,2021-09-29 21:12:29,41.6156,42.8722,51.49,96,98,2.46
372,Inyonga,TZ,2021-09-29 21:12:29,-6.7167,32.0667,77.41,40,87,3.96
373,Abnub,EG,2021-09-29 21:12:30,27.2696,31.1511,78.17,36,0,8.41
374,San Juan,AR,2021-09-29 21:12:30,-31.5375,-68.5364,77.72,9,37,4.5
375,Bousse,BF,2021-09-29 21:12:31,12.6606,-1.8922,85.12,44,15,9.48
376,Chuy,UY,2021-09-29 21:12:04,-33.6971,-53.4616,58.26,80,51,11.16
377,Orzhytsya,UA,2021-09-29 21:12:31,49.7918,32.7012,47.48,62,85,6.26
378,Obo,CF,2021-09-29 21:12:32,5.3998,26.4869,72.09,83,65,2.33
379,Batticaloa,LK,2021-09-29 21:12:32,7.7102,81.6924,80.01,75,100,4.81
380,Pandan,PH,2021-09-29 21:12:33,14.0453,124.1694,79.95,85,58,4.03
381,Nelson Bay,AU,2021-09-29 21:12:33,-32.7167,152.15,60.1,95,100,7.61
382,Shimanovsk,RU,2021-09-29 21:12:21,52.0,127.7,37.81,76,94,4.68
383,Anadyr,RU,2021-09-29 21:12:34,64.75,177.4833,14.5,92,0,17.0
384,Duluth,US,2021-09-29 21:11:02,46.7833,-92.1066,85.6,77,90,14.97
385,Copiapo,CL,2021-09-29 21:09:04,-27.3667,-70.3333,55.09,28,2,7.2
386,Sierra Vista,US,2021-09-29 21:12:34,31.5545,-110.3037,81.28,33,1,10.36
387,Vestmannaeyjar,IS,2021-09-29 21:12:35,63.4427,-20.2734,45.99,64,87,20.45
388,Dauriya,RU,2021-09-29 21:12:35,49.9333,116.8667,28.15,80,70,8.1
389,Bambanglipuro,ID,2021-09-29 21:12:36,-7.95,110.2833,58.6,89,99,4.25
390,Palmer,US,2021-09-29 21:12:36,42.1584,-72.3287,63.32,60,75,3.0
391,Sangar,RU,2021-09-29 21:12:37,63.9242,127.4739,31.51,50,24,1.03
392,Todos Santos,MX,2021-09-29 21:12:38,23.45,-110.2167,91.0,71,1,12.24
393,Lakki Marwat,PK,2021-09-29 21:12:38,32.6079,70.9114,91.54,39,0,3.69
394,Marseille,FR,2021-09-29 21:10:58,43.3333,5.5,69.31,48,16,7.0
395,Iwanai,JP,2021-09-29 21:12:39,42.9744,140.5089,63.97,98,100,9.4
396,Christchurch,NZ,2021-09-29 21:12:39,-43.5333,172.6333,47.91,77,90,3.0
397,Acapulco,MX,2021-09-29 21:08:50,16.8634,-99.8901,87.62,70,40,6.91
398,Sao Raimundo Das Mangabeiras,BR,2021-09-29 21:12:40,-7.0219,-45.4811,90.9,33,100,3.58
399,Biltine,TD,2021-09-29 21:12:40,14.5333,20.9167,88.56,23,48,6.78
400,Tigil,RU,2021-09-29 21:12:40,57.8,158.6667,32.94,63,71,5.41
401,Pedasi,PA,2021-09-29 21:12:41,7.5333,-80.0333,79.07,79,100,6.46
402,Panguipulli,CL,2021-09-29 21:12:41,-39.6333,-72.3333,47.91,71,100,5.93
403,Robe,AU,2021-09-29 21:12:42,-37.1833,139.75,54.48,94,100,17.45
404,Carballo,ES,2021-09-29 21:12:42,43.213,-8.691,61.86,90,72,5.5
405,Neiafu,TO,2021-09-29 21:12:43,-18.65,-173.9833,75.88,94,75,6.91
406,Bunia,CD,2021-09-29 21:12:44,1.5667,30.25,65.34,81,44,1.99
407,La Ronge,CA,2021-09-29 21:12:09,55.1001,-105.2842,59.25,63,80,10.36
408,Royan,FR,2021-09-29 21:12:45,45.6285,-1.0281,59.79,65,11,9.66
409,Porto Novo,BJ,2021-09-29 21:12:45,6.4965,2.6036,82.22,85,51,5.79
410,Tiksi,RU,2021-09-29 21:12:45,71.6872,128.8694,30.58,83,100,4.16
411,Luanda,AO,2021-09-29 21:08:16,-8.8368,13.2343,73.33,82,69,11.43
412,Fort Nelson,CA,2021-09-29 21:12:46,58.8053,-122.7002,44.19,87,75,4.61
413,Waounde,SN,2021-09-29 21:12:47,15.2637,-12.8682,90.73,48,0,10.31
414,Spassk-Dalniy,RU,2021-09-29 21:12:47,44.5978,132.8211,55.08,91,100,7.18
415,Vallenar,CL,2021-09-29 21:12:47,-28.5708,-70.7581,82.06,16,15,7.09
416,Zhigansk,RU,2021-09-29 21:12:48,66.7697,123.3711,26.83,90,56,10.69
417,Ngama,TD,2021-09-29 21:12:48,11.7833,17.1667,83.98,61,90,3.42
418,Vavoua,CI,2021-09-29 21:12:49,7.3819,-6.4778,71.87,97,72,4.47
419,Kanniyakumari,IN,2021-09-29 21:12:49,8.0833,77.5667,79.0,84,100,17.13
420,Artsyz,UA,2021-09-29 21:12:49,45.9919,29.4182,54.19,58,51,8.3
421,Quatre Cocos,MU,2021-09-29 21:12:50,-20.2078,57.7625,72.09,79,80,15.05
422,Labuhan,ID,2021-09-29 21:12:50,-6.8844,112.2051,77.34,84,84,7.09
423,Sabang,ID,2021-09-29 21:12:50,5.8933,95.3214,80.1,81,95,6.93
424,Lasa,IT,2021-09-29 21:12:51,46.6166,10.7002,56.14,89,80,4.59
425,Tuatapere,NZ,2021-09-29 21:12:51,-46.1333,167.6833,47.82,76,96,10.22
426,Marawi,PH,2021-09-29 21:12:52,7.9986,124.2928,68.65,90,100,2.95
427,Bilibino,RU,2021-09-29 21:12:52,68.0546,166.4372,4.66,96,100,2.08
428,Contamana,PE,2021-09-29 21:12:52,-7.3333,-75.0167,93.76,40,100,6.62
429,Richards Bay,ZA,2021-09-29 21:12:53,-28.783,32.0377,64.81,89,100,5.61
430,Kirriemuir,GB,2021-09-29 21:12:53,56.674,-3.0034,46.31,81,8,6.24
431,Yumen,CN,2021-09-29 21:12:54,40.2833,97.2,58.59,23,100,8.95
432,Puerto Maldonado,PE,2021-09-29 21:12:54,-12.6,-69.1833,88.5,50,70,5.17
433,Camocim,BR,2021-09-29 21:12:54,-2.9022,-40.8411,80.47,80,35,12.59
434,Langres,FR,2021-09-29 21:12:55,47.8333,5.3333,47.25,68,62,4.09
435,Moose Factory,CA,2021-09-29 21:12:55,51.2585,-80.6094,50.0,81,90,8.05
436,Vostok,RU,2021-09-29 21:12:55,46.4856,135.8833,51.69,93,88,2.37
437,Tautira,PF,2021-09-29 21:12:56,-17.7333,-149.15,82.42,76,28,16.51
438,Puqi,CN,2021-09-29 21:12:56,29.7167,113.8833,67.23,94,1,0.72
439,Kalaleh,IR,2021-09-29 21:12:57,37.3807,55.4916,69.4,78,75,4.61
440,Bengkulu,ID,2021-09-29 21:11:49,-3.8004,102.2655,75.2,91,99,10.51
441,Clearwater,US,2021-09-29 21:11:29,27.9659,-82.8001,88.99,57,75,7.0
442,Aden,YE,2021-09-29 21:12:58,12.7794,45.0367,89.02,59,55,7.52
443,Nara,JP,2021-09-29 21:12:58,34.6851,135.8049,72.91,68,43,3.74
444,Tilichiki,RU,2021-09-29 21:12:58,60.4667,166.1,28.83,57,1,19.98
445,Acajutla,SV,2021-09-29 21:12:59,13.5928,-89.8275,83.95,74,96,6.49
446,Port Augusta,AU,2021-09-29 21:12:59,-32.5,137.7667,57.7,83,92,5.82
447,Jinxiang,CN,2021-09-29 21:13:00,27.4327,120.6062,76.46,82,18,4.68
448,Yuncheng,CN,2021-09-29 21:13:00,35.0231,110.9928,66.11,77,80,3.18
449,Sao Joao Da Barra,BR,2021-09-29 21:13:01,-21.6403,-41.0511,77.09,83,38,13.2
450,Oktyabrskiy,RU,2021-09-29 21:13:02,54.4815,53.471,35.64,66,100,3.67
451,Mantua,IT,2021-09-29 21:13:02,45.1667,10.7833,68.92,83,3,1.01
452,Mujiayingzi,CN,2021-09-29 21:13:02,42.1167,118.7833,52.59,75,52,4.12
453,Ust-Maya,RU,2021-09-29 21:13:03,60.4167,134.5333,39.07,76,100,12.68
454,Carangola,BR,2021-09-29 21:09:27,-20.7331,-42.0294,76.32,62,55,3.2
455,Erzin,TR,2021-09-29 21:13:04,36.9559,36.2,75.0,85,64,0.96
456,Teya,RU,2021-09-29 21:13:04,60.3778,92.6267,32.76,81,84,1.43
457,Inhambane,MZ,2021-09-29 21:13:04,-23.865,35.3833,71.62,92,2,9.4
458,Falmouth,GB,2021-09-29 21:13:05,50.1544,-5.0711,55.98,67,40,10.36
459,Hambantota,LK,2021-09-29 21:13:05,6.1241,81.1185,80.65,74,97,9.73
460,Moba,CN,2021-09-29 21:13:06,33.2288,105.0179,52.65,92,15,1.48
461,San Cristobal,VE,2021-09-29 21:11:19,7.7669,-72.225,73.58,86,85,3.18
462,Calvinia,ZA,2021-09-29 21:13:06,-31.4707,19.776,55.87,60,35,18.79
463,Poya,NC,2021-09-29 21:13:07,-21.35,165.15,73.78,65,3,6.53
464,Mongar,BT,2021-09-29 21:13:07,27.2747,91.2396,60.22,94,100,4.65
465,Chitungwiza,ZW,2021-09-29 21:13:08,-18.0127,31.0756,72.45,44,55,7.67
466,Neryungri,RU,2021-09-29 21:13:08,56.6709,124.6491,27.73,96,100,8.05
467,Katangli,RU,2021-09-29 21:13:09,51.7102,143.2326,55.51,90,99,4.85
468,Alghero,IT,2021-09-29 21:13:09,40.5589,8.3181,69.89,73,40,2.3
469,Pacific Grove,US,2021-09-29 21:09:52,36.6177,-121.9166,82.58,73,1,5.01
470,Vangaindrano,MG,2021-09-29 21:13:10,-23.35,47.6,67.8,90,15,7.81
471,Sorong,ID,2021-09-29 21:13:10,-0.8833,131.25,78.85,86,100,3.56
472,Omboue,GA,2021-09-29 21:13:11,-1.5746,9.2618,76.89,86,100,8.5
473,Umm Lajj,SA,2021-09-29 21:13:11,25.0213,37.2685,81.03,66,0,9.53
474,Jiangkou,CN,2021-09-29 21:13:12,25.4872,119.1986,73.29,81,0,3.0
475,Geraldton,AU,2021-09-29 21:13:12,-28.7667,114.6,57.61,94,75,11.5
476,Laguna,US,2021-09-29 21:12:28,38.421,-121.4238,85.05,25,1,5.01
477,Arlit,NE,2021-09-29 21:13:13,18.7369,7.3853,92.91,17,71,11.1
478,Olinda,BR,2021-09-29 21:12:50,-8.0089,-34.8553,80.33,78,40,10.36
479,Mitchell,US,2021-09-29 21:13:01,43.7094,-98.0298,75.18,60,40,14.97
480,North Bend,US,2021-09-29 21:13:13,43.4065,-124.2243,69.93,71,1,4.61
481,Namibe,AO,2021-09-29 21:13:14,-15.1961,12.1522,63.54,87,31,6.33
482,Salihorsk,BY,2021-09-29 21:13:14,52.7876,27.5415,46.27,68,95,8.61
483,Rio Grande,BR,2021-09-29 21:13:15,-32.035,-52.0986,64.51,82,16,16.6
484,Manggar,ID,2021-09-29 21:13:15,-2.8833,108.2667,80.17,85,99,9.28
485,Maxixe,MZ,2021-09-29 21:13:16,-23.8597,35.3472,70.9,93,3,8.52
486,Minas Novas,BR,2021-09-29 21:13:16,-17.2186,-42.5903,79.18,45,70,5.08
487,Guarapari,BR,2021-09-29 21:13:16,-20.6667,-40.4975,75.09,82,3,18.12
488,Kotma,IN,2021-09-29 21:13:17,23.2,81.9667,72.45,93,51,2.8
489,Kaitangata,NZ,2021-09-29 21:13:17,-46.2817,169.8464,39.92,92,99,12.46
490,Oxford,GB,2021-09-29 21:13:18,51.7522,-1.256,49.71,77,0,4.61
491,Bloemfontein,ZA,2021-09-29 21:11:04,-29.1211,26.214,60.28,77,71,10.36
492,Teguldet,RU,2021-09-29 21:13:18,57.3064,88.1667,34.75,86,100,7.54
493,Erdenet,MN,2021-09-29 21:13:19,49.0333,104.0833,27.75,71,2,3.18
494,Udachnyy,RU,2021-09-29 21:13:19,66.4167,112.4,27.19,60,100,5.28
495,Okhotsk,RU,2021-09-29 21:13:20,59.3833,143.3,35.38,96,100,27.81
496,Tarakan,ID,2021-09-29 21:13:20,3.3,117.6333,79.52,82,100,2.62
497,Bandarbeyla,SO,2021-09-29 21:13:21,9.4942,50.8122,80.47,74,99,20.85
498,Languyan,PH,2021-09-29 21:13:21,5.2618,120.0807,78.64,86,100,2.77
499,Tucuman,AR,2021-09-29 21:10:14,-26.8241,-65.2226,68.0,73,90,6.91
500,Orthez,FR,2021-09-29 21:13:22,43.4884,-0.7724,62.08,92,100,4.52
501,Tacoronte,ES,2021-09-29 21:13:22,28.4769,-16.4102,68.76,84,75,18.99
502,Bogale,MM,2021-09-29 21:13:23,16.2833,95.4,76.33,92,36,4.52
503,Nizwa,OM,2021-09-29 21:13:23,22.9333,57.5333,85.73,49,100,3.04
504,Kloulklubed,PW,2021-09-29 21:12:53,7.0419,134.2556,77.5,75,94,7.14
505,Lagoa,PT,2021-09-29 21:11:50,39.05,-27.9833,71.44,87,0,6.91
506,Verkh-Usugli,RU,2021-09-29 21:13:24,52.7,115.1667,29.91,76,100,3.67
507,Suruc,TR,2021-09-29 21:13:24,36.9761,38.425,71.8,44,5,7.2
508,Boende,CD,2021-09-29 21:13:25,-0.2167,20.8667,74.71,81,100,0.11
509,Grants,US,2021-09-29 21:13:25,35.1473,-107.8514,70.03,28,40,13.8
510,Pemberton,CA,2021-09-29 21:13:26,50.3164,-122.8027,49.86,99,100,5.66
511,Tynda,RU,2021-09-29 21:13:26,55.1667,124.7167,31.32,99,100,3.24
512,Dunmore Town,BS,2021-09-29 21:13:26,25.5,-76.65,81.55,73,100,11.77
513,Bagdarin,RU,2021-09-29 21:13:27,54.4333,113.6,26.83,84,86,4.25
514,Tanete,ID,2021-09-29 21:13:27,-3.9443,119.7848,75.51,92,100,5.23
515,Itoman,JP,2021-09-29 21:13:28,26.1247,127.6694,80.98,78,20,14.97
516,Del Rio,US,2021-09-29 21:13:28,29.3627,-100.8968,87.91,58,1,11.5
517,Cabra,ES,2021-09-29 21:13:29,37.4725,-4.4421,75.4,44,10,3.22
518,Bereda,ES,2021-09-29 21:13:29,43.2686,-7.5406,56.91,100,78,3.67
519,Santa Rosa,PH,2021-09-29 21:13:30,14.3122,121.1114,82.9,86,75,2.66
520,Panguna,PG,2021-09-29 21:13:30,-6.3164,155.4848,72.68,91,75,2.91
521,Surt,LY,2021-09-29 21:13:31,31.2089,16.5887,78.01,68,0,9.6
522,Sukpak,RU,2021-09-29 21:13:31,51.6667,94.6333,36.52,44,85,3.38
523,Binga,ZW,2021-09-29 21:13:32,-17.6203,27.3414,78.67,34,1,0.11
524,Linjiang,CN,2021-09-29 21:13:32,41.8069,126.9078,51.44,97,26,1.86
525,Dombas,NO,2021-09-29 21:13:33,62.0696,9.1235,44.96,96,99,6.62
526,Tugulym,RU,2021-09-29 21:13:33,57.0591,64.6425,35.67,80,99,4.65
527,Yagodnoye,RU,2021-09-29 21:13:34,62.55,149.6667,21.11,58,100,2.37
528,Panaba,MX,2021-09-29 21:13:34,21.2833,-88.2667,93.22,42,17,11.79
529,Krasnoselkup,RU,2021-09-29 21:13:35,65.7,82.4667,30.2,80,8,5.35
530,Verkhneuralsk,RU,2021-09-29 21:13:35,53.8769,59.2106,34.0,80,88,5.28
531,Puerto Madryn,AR,2021-09-29 21:13:36,-42.7692,-65.0385,70.16,35,100,27.38
532,Gamba,GA,2021-09-29 21:13:36,-2.65,10.0,75.36,87,98,7.7
533,Nieuwpoort,BE,2021-09-29 21:13:37,51.1244,2.7735,57.22,58,20,18.41
534,Ust-Koksa,RU,2021-09-29 21:13:37,50.2696,85.6108,39.2,91,96,2.53
535,Adrar,MR,2021-09-29 21:13:37,20.5022,-10.0711,95.25,10,0,9.78
536,Namatanai,PG,2021-09-29 21:11:18,-3.6667,152.4333,81.12,80,81,8.79
537,Saint-Joseph,RE,2021-09-29 21:13:38,-21.3667,55.6167,70.16,76,32,11.61
538,Boffa,GN,2021-09-29 21:13:38,10.1667,-14.0333,73.51,88,97,1.48
539,Merauke,ID,2021-09-29 21:13:39,-8.4667,140.3333,77.56,88,94,9.86
540,Salzwedel,DE,2021-09-29 21:13:39,52.85,11.15,51.03,82,33,15.37
541,Pemangkat,ID,2021-09-29 21:13:39,1.1667,108.9667,78.12,86,100,3.53
542,Pisco,PE,2021-09-29 21:13:40,-13.7,-76.2167,65.01,88,75,6.91
543,Loa Janan,ID,2021-09-29 21:13:40,-0.583,117.095,73.33,99,53,1.74
544,Port-Cartier,CA,2021-09-29 21:13:41,50.0334,-66.8654,55.62,77,91,4.41
545,Byron Bay,AU,2021-09-29 21:11:33,-28.65,153.6167,64.35,90,100,15.46
546,Fez,MA,2021-09-29 21:13:41,34.0372,-4.9998,75.45,43,0,4.61
547,Turukhansk,RU,2021-09-29 21:13:42,65.8167,87.9833,31.84,85,12,2.33
