City_ID,City,Country,Date,Lat,Lng,Max Temp,Humidity,Cloudiness,Wind Speed,Description
0,Bredasdorp,ZA,2021-10-10 21:23:07,-34.5322,20.0403,61.29,87,70,3.44,broken clouds
1,Punta Arenas,CL,2021-10-10 21:20:22,-53.15,-70.9167,51.91,37,20,31.07,few clouds
2,Busselton,AU,2021-10-10 21:23:18,-33.65,115.3333,55.09,73,96,15.12,overcast clouds
3,Rikitea,PF,2021-10-10 21:18:17,-23.1203,-134.9692,74.62,80,97,19.73,overcast clouds
4,Williston,US,2021-10-10 21:21:04,48.147,-103.618,69.21,32,0,5.99,clear sky
5,Hermanus,ZA,2021-10-10 21:21:59,-34.4187,19.2345,65.89,67,98,7.85,overcast clouds
6,Vao,NC,2021-10-10 21:23:26,-22.6667,167.4833,69.78,63,3,13.06,clear sky
7,Bereda,ES,2021-10-10 21:24:26,43.2686,-7.5406,58.91,99,9,6.08,clear sky
8,Ponta Delgada,PT,2021-10-10 21:24:27,37.7333,-25.6667,70.52,88,75,12.66,broken clouds
9,Chute-Aux-Outardes,CA,2021-10-10 21:24:27,49.1168,-68.399,54.41,82,20,5.75,few clouds
10,Colares,PT,2021-10-10 21:24:27,38.7992,-9.4469,71.33,58,0,3.0,clear sky
11,Qaanaaq,GL,2021-10-10 21:23:29,77.484,-69.3632,29.5,89,100,8.43,overcast clouds
12,Homer,US,2021-10-10 21:24:27,59.6425,-151.5483,49.08,73,75,11.5,broken clouds
13,Avarua,CK,2021-10-10 21:23:13,-21.2078,-159.775,77.05,69,100,8.05,overcast clouds
14,Vila Franca Do Campo,PT,2021-10-10 21:24:28,37.7167,-25.4333,70.21,88,100,10.11,overcast clouds
15,Estevan,CA,2021-10-10 21:24:28,49.1334,-102.9842,70.14,18,1,14.97,clear sky
16,Yar-Sale,RU,2021-10-10 21:23:32,66.8333,70.8333,27.46,81,38,9.6,scattered clouds
17,Ukiah,US,2021-10-10 21:24:28,39.1502,-123.2078,84.13,27,1,3.44,clear sky
18,Grand Gaube,MU,2021-10-10 21:24:29,-20.0064,57.6608,72.0,91,98,3.0,moderate rain
19,San Patricio,US,2021-10-10 21:23:09,28.017,-97.5169,95.68,58,53,20.87,broken clouds
20,Kavaratti,IN,2021-10-10 21:23:22,10.5669,72.642,82.09,81,98,14.65,overcast clouds
21,Hobart,AU,2021-10-10 21:19:14,-42.8794,147.3294,46.26,75,20,3.0,few clouds
22,New Norfolk,AU,2021-10-10 21:23:20,-42.7826,147.0587,46.92,72,87,1.01,overcast clouds
23,Ushuaia,AR,2021-10-10 21:22:25,-54.8,-68.3,51.42,40,40,20.71,light rain
24,Alamosa,US,2021-10-10 21:24:29,37.4695,-105.87,61.66,20,40,11.5,scattered clouds
25,Marrakesh,MA,2021-10-10 21:24:30,31.6315,-8.0083,78.87,50,0,3.44,clear sky
26,Naustdal,NO,2021-10-10 21:24:30,61.509,5.7168,48.06,97,75,2.3,broken clouds
27,Barrow,US,2021-10-10 21:21:38,71.2906,-156.7887,28.42,74,90,10.36,overcast clouds
28,Ola,RU,2021-10-10 21:24:30,59.5833,151.2833,29.68,61,0,10.13,clear sky
29,Kodiak,US,2021-10-10 21:23:44,57.79,-152.4072,47.71,49,1,3.44,clear sky
30,Gat,IL,2021-10-10 21:24:31,31.61,34.7642,72.81,64,0,5.53,clear sky
31,Albany,US,2021-10-10 21:19:03,42.6001,-73.9662,66.16,80,95,6.55,overcast clouds
32,Bria,CF,2021-10-10 21:24:31,6.5423,21.9863,71.01,94,100,2.08,overcast clouds
33,Susanville,US,2021-10-10 21:24:31,40.4163,-120.653,68.83,27,1,1.99,clear sky
34,Eureka,US,2021-10-10 21:24:32,40.8021,-124.1637,65.68,77,69,8.99,broken clouds
35,Shelburne,CA,2021-10-10 21:24:32,44.0787,-80.2041,66.9,81,100,11.7,overcast clouds
36,Garissa,KE,2021-10-10 21:24:32,-0.4536,39.6401,77.95,71,27,18.25,scattered clouds
37,Verkhnevilyuysk,RU,2021-10-10 21:24:33,63.4453,120.3167,32.86,92,99,11.07,overcast clouds
38,Yellowknife,CA,2021-10-10 21:23:26,62.456,-114.3525,37.42,100,90,16.11,light rain
39,Lorengau,PG,2021-10-10 21:24:33,-2.0226,147.2712,81.48,75,99,3.2,overcast clouds
40,Bluff,NZ,2021-10-10 21:21:41,-46.6,168.3333,47.8,90,100,5.1,overcast clouds
41,Nikolskoye,RU,2021-10-10 21:23:42,59.7035,30.7861,51.4,68,15,8.52,few clouds
42,Codrington,AU,2021-10-10 21:23:11,-38.2667,141.9667,48.2,71,83,9.86,broken clouds
43,Carnarvon,AU,2021-10-10 21:23:41,-24.8667,113.6333,62.67,82,0,16.11,clear sky
44,Vestmannaeyjar,IS,2021-10-10 21:23:43,63.4427,-20.2734,43.23,71,60,14.9,broken clouds
45,Talnakh,RU,2021-10-10 21:23:28,69.4865,88.3972,20.79,97,93,5.17,light snow
46,Salalah,OM,2021-10-10 21:23:56,17.0151,54.0924,80.69,83,75,4.61,broken clouds
47,Cape Town,ZA,2021-10-10 21:19:08,-33.9258,18.4232,66.11,85,0,3.44,clear sky
48,Khatanga,RU,2021-10-10 21:23:29,71.9667,102.5,16.52,96,100,5.1,light snow
49,Waingapu,ID,2021-10-10 21:24:01,-9.6567,120.2641,75.0,75,58,3.78,broken clouds
50,Khandyga,RU,2021-10-10 21:24:34,62.6667,135.6,29.79,77,100,5.59,overcast clouds
51,Vanimo,PG,2021-10-10 21:23:15,-2.6741,141.3028,78.84,89,100,3.09,overcast clouds
52,Akcakoca,TR,2021-10-10 21:24:34,41.0866,31.1162,61.95,88,98,5.75,overcast clouds
53,Dongsheng,CN,2021-10-10 21:24:35,39.8161,109.9776,36.9,44,0,6.53,clear sky
54,Dikson,RU,2021-10-10 21:23:09,73.5069,80.5464,29.88,66,100,22.55,overcast clouds
55,Pandan,PH,2021-10-10 21:24:35,14.0453,124.1694,80.76,84,68,13.38,broken clouds
56,Agadir,MA,2021-10-10 21:24:35,30.4202,-9.5982,64.85,76,100,1.19,overcast clouds
57,Tuktoyaktuk,CA,2021-10-10 21:23:00,69.4541,-133.0374,30.2,80,90,6.91,light snow
58,Waipawa,NZ,2021-10-10 21:24:05,-41.4122,175.5153,57.45,67,24,7.25,few clouds
59,Ballina,AU,2021-10-10 21:23:45,-28.8667,153.5667,71.78,78,75,6.91,light rain
60,Kapaa,US,2021-10-10 21:21:31,22.0752,-159.319,82.38,70,40,7.0,light rain
61,Nandaime,NI,2021-10-10 21:24:36,11.757,-86.0529,92.26,67,48,7.56,scattered clouds
62,Kaitangata,NZ,2021-10-10 21:23:10,-46.2817,169.8464,52.77,72,100,3.6,moderate rain
63,Yazd,IR,2021-10-10 21:24:36,31.8972,54.3675,57.31,33,0,4.61,clear sky
64,Nanortalik,GL,2021-10-10 21:23:32,60.1432,-45.2371,36.37,61,6,2.91,clear sky
65,San Fernando,PH,2021-10-10 21:24:36,15.0286,120.6898,81.14,94,94,3.85,overcast clouds
66,Tuatapere,NZ,2021-10-10 21:23:04,-46.1333,167.6833,47.82,96,100,4.83,overcast clouds
67,Mahebourg,MU,2021-10-10 21:24:23,-20.4081,57.7,71.89,94,75,8.05,light rain
68,Wamba,NG,2021-10-10 21:24:37,8.9333,8.6,74.07,92,100,1.21,overcast clouds
69,Thompson,CA,2021-10-10 21:23:39,55.7435,-97.8558,51.96,71,75,3.44,broken clouds
70,Miraflores,MX,2021-10-10 21:24:37,19.2167,-98.8083,80.02,58,77,5.01,broken clouds
71,Torbay,CA,2021-10-10 21:24:14,47.6666,-52.7314,45.28,79,20,16.11,few clouds
72,Maldonado,UY,2021-10-10 21:22:03,-34.6667,-54.9167,63.23,78,100,13.44,overcast clouds
73,Saint George,US,2021-10-10 21:24:01,37.1041,-113.5841,73.87,31,1,4.0,clear sky
74,Narsaq,GL,2021-10-10 21:24:00,60.9167,-46.05,30.42,48,26,1.59,scattered clouds
75,Murray,US,2021-10-10 21:24:38,40.6669,-111.888,63.0,45,1,1.01,clear sky
76,Mozarlandia,BR,2021-10-10 21:24:38,-14.7447,-50.5706,90.18,35,100,3.85,overcast clouds
77,Pevek,RU,2021-10-10 21:23:35,69.7008,170.3133,22.57,92,100,7.49,overcast clouds
78,The Valley,AI,2021-10-10 21:24:39,18.217,-63.0578,84.06,78,75,14.97,broken clouds
79,Savinka,RU,2021-10-10 21:24:39,50.0785,47.0994,46.22,49,0,5.14,clear sky
80,Pangoa,PE,2021-10-10 21:24:39,-12.1167,-73.0,88.12,48,94,2.71,overcast clouds
81,Ronneby,SE,2021-10-10 21:24:39,56.21,15.276,50.5,81,0,6.91,clear sky
82,Jacareacanga,BR,2021-10-10 21:24:40,-6.2222,-57.7528,90.48,49,79,2.3,broken clouds
83,Kununurra,AU,2021-10-10 21:24:30,-15.7667,128.7333,78.78,73,75,8.05,broken clouds
84,Sur,OM,2021-10-10 21:24:40,22.5667,59.5289,82.71,56,0,7.63,clear sky
85,Tasiilaq,GL,2021-10-10 21:23:11,65.6145,-37.6368,32.16,57,1,2.84,clear sky
86,Robertsport,LR,2021-10-10 21:24:40,6.7533,-11.3686,79.97,82,48,9.15,light rain
87,Jamestown,US,2021-10-10 21:19:04,42.097,-79.2353,72.99,73,40,5.99,scattered clouds
88,Qui Nhon,VN,2021-10-10 21:24:41,13.7667,109.2333,77.85,87,100,4.88,light rain
89,Ilulissat,GL,2021-10-10 21:21:54,69.2167,-51.1,32.02,86,40,2.3,scattered clouds
90,Saskylakh,RU,2021-10-10 21:24:41,71.9167,114.0833,17.26,96,100,6.91,overcast clouds
91,Rocha,UY,2021-10-10 21:23:27,-34.4833,-54.3333,59.5,77,100,12.55,overcast clouds
92,Poronaysk,RU,2021-10-10 21:24:42,49.2167,143.1167,47.16,76,3,18.28,clear sky
93,Sampit,ID,2021-10-10 21:24:42,-2.5333,112.95,75.83,97,100,1.77,overcast clouds
94,East London,ZA,2021-10-10 21:23:55,-33.0153,27.9116,59.86,70,17,17.9,few clouds
95,Klaksvik,FO,2021-10-10 21:23:10,62.2266,-6.589,43.72,70,100,18.92,overcast clouds
96,Ostrovnoy,RU,2021-10-10 21:23:50,68.0531,39.5131,42.62,94,100,3.13,overcast clouds
97,Vaini,TO,2021-10-10 21:23:22,-21.2,-175.2,77.16,83,75,4.61,broken clouds
98,Hilo,US,2021-10-10 21:21:34,19.7297,-155.09,80.28,90,90,8.05,moderate rain
99,Taoudenni,ML,2021-10-10 21:24:42,22.6783,-3.9836,93.96,9,68,7.27,broken clouds
100,Anchorage,US,2021-10-10 21:21:36,61.2181,-149.9003,49.35,66,1,5.99,clear sky
101,Kupang,ID,2021-10-10 21:24:43,-10.1667,123.5833,75.43,84,93,4.7,overcast clouds
102,Fortuna,US,2021-10-10 21:23:24,40.5982,-124.1573,70.48,69,86,8.01,overcast clouds
103,Carutapera,BR,2021-10-10 21:24:43,-1.195,-46.02,80.94,76,63,8.12,broken clouds
104,Atuona,PF,2021-10-10 21:23:37,-9.8,-139.0333,78.46,75,47,19.48,scattered clouds
105,Nador,MA,2021-10-10 21:24:44,35.174,-2.9287,70.05,78,0,9.22,clear sky
106,Biak,ID,2021-10-10 21:24:44,-0.9131,122.8766,76.86,86,100,7.09,overcast clouds
107,Tefe,BR,2021-10-10 21:24:44,-3.3542,-64.7114,95.11,55,20,2.64,few clouds
108,Mataura,NZ,2021-10-10 21:20:22,-46.1927,168.8643,47.48,88,100,2.59,moderate rain
109,Georgetown,MY,2021-10-10 21:21:34,5.4112,100.3354,78.89,84,20,1.01,few clouds
110,Dubuque,US,2021-10-10 21:24:45,42.4833,-90.8668,72.57,83,40,14.97,light rain
111,Luderitz,NA,2021-10-10 21:23:07,-26.6481,15.1594,71.13,40,9,6.11,clear sky
112,Tagab,AF,2021-10-10 21:24:45,34.855,69.6492,55.47,31,0,7.49,clear sky
113,Kahului,US,2021-10-10 21:23:32,20.8947,-156.47,83.46,74,20,18.41,light rain
114,Souillac,MU,2021-10-10 21:24:08,-20.5167,57.5167,71.98,94,75,8.05,light rain
115,Iqaluit,CA,2021-10-10 21:24:45,63.7506,-68.5145,37.13,86,40,3.0,scattered clouds
116,Richards Bay,ZA,2021-10-10 21:24:46,-28.783,32.0377,62.42,62,76,5.35,broken clouds
117,Cabo San Lucas,MX,2021-10-10 21:23:16,22.8909,-109.9124,96.19,66,20,4.0,few clouds
118,Provideniya,RU,2021-10-10 21:22:31,64.3833,-173.3,32.11,80,75,6.71,broken clouds
119,Awka,NG,2021-10-10 21:24:46,6.2101,7.0741,73.92,96,88,3.02,overcast clouds
120,Rundu,NA,2021-10-10 21:24:46,-17.9333,19.7667,72.55,10,0,7.58,clear sky
121,Ponta Do Sol,PT,2021-10-10 21:23:20,32.6667,-17.1,73.0,70,15,5.46,few clouds
122,Chokurdakh,RU,2021-10-10 21:23:47,70.6333,147.9167,17.51,89,100,5.79,overcast clouds
123,Oudtshoorn,ZA,2021-10-10 21:24:47,-33.5907,22.2014,50.36,29,13,6.2,few clouds
124,Arraial Do Cabo,BR,2021-10-10 21:20:10,-22.9661,-42.0278,67.86,88,75,17.27,broken clouds
125,Tazovskiy,RU,2021-10-10 21:24:47,67.4667,78.7,28.31,76,43,15.88,scattered clouds
126,Karratha,AU,2021-10-10 21:23:58,-20.7377,116.8463,72.73,36,8,5.57,clear sky
127,Airai,TL,2021-10-10 21:23:23,-8.9266,125.4092,60.84,69,100,1.25,overcast clouds
128,Dembi Dolo,ET,2021-10-10 21:24:48,8.5333,34.8,59.14,89,97,4.41,overcast clouds
129,Poya,NC,2021-10-10 21:24:48,-21.35,165.15,74.64,59,7,5.77,clear sky
130,Mayo,US,2021-10-10 21:24:48,38.8876,-76.5119,73.44,85,90,8.99,overcast clouds
131,Akureyri,IS,2021-10-10 21:24:11,65.6835,-18.0878,37.33,87,75,8.05,broken clouds
132,Buraydah,SA,2021-10-10 21:24:49,26.326,43.975,81.05,16,0,6.02,clear sky
133,Stepnogorsk,KZ,2021-10-10 21:24:49,52.3544,71.8869,36.36,78,100,8.7,overcast clouds
134,Lagoa,PT,2021-10-10 21:21:50,39.05,-27.9833,71.13,85,100,22.84,overcast clouds
135,Kudahuvadhoo,MV,2021-10-10 21:24:49,2.6708,72.8944,83.08,74,100,15.52,overcast clouds
136,Longyearbyen,SJ,2021-10-10 21:23:47,78.2186,15.6401,26.44,80,75,4.61,broken clouds
137,Dargaville,NZ,2021-10-10 21:24:50,-35.9333,173.8833,59.22,64,37,8.05,scattered clouds
138,Wukari,NG,2021-10-10 21:24:50,7.85,9.7833,75.87,87,85,5.68,overcast clouds
139,Marfino,RU,2021-10-10 21:24:50,55.7028,37.3822,44.94,79,0,2.24,clear sky
140,Glenluce,GB,2021-10-10 21:24:51,54.8798,-4.8084,51.3,74,100,14.52,overcast clouds
141,Leiyang,CN,2021-10-10 21:24:51,26.4024,112.8591,56.43,93,100,7.0,overcast clouds
142,Xushan,CN,2021-10-10 21:24:51,30.1764,121.2457,75.96,94,69,11.39,broken clouds
143,Leningradskiy,RU,2021-10-10 21:24:52,69.3833,178.4167,21.0,89,100,4.23,overcast clouds
144,Mount Isa,AU,2021-10-10 21:24:52,-20.7333,139.5,67.77,100,90,5.75,moderate rain
145,Esparta,HN,2021-10-10 21:24:52,15.7437,-87.1766,95.79,68,25,6.93,scattered clouds
146,San Andres,CO,2021-10-10 21:24:52,12.5847,-81.7006,87.82,74,20,11.5,few clouds
147,Dossor,KZ,2021-10-10 21:20:15,47.5272,52.9811,50.5,35,7,6.4,clear sky
148,Salinopolis,BR,2021-10-10 21:24:53,-0.6136,-47.3561,81.43,75,76,13.04,broken clouds
149,Naro,IT,2021-10-10 21:24:53,37.2935,13.7936,56.55,65,0,7.05,clear sky
150,Milkovo,RU,2021-10-10 21:24:53,54.7167,158.6167,33.22,76,100,4.47,overcast clouds
151,Dawlatabad,AF,2021-10-10 21:23:38,36.4141,64.9053,46.6,35,0,3.91,clear sky
152,Savona,IT,2021-10-10 21:24:54,44.3,8.2667,57.29,83,0,4.83,clear sky
153,Altamont,US,2021-10-10 21:24:54,42.2068,-121.7372,61.77,55,1,11.01,clear sky
154,Ribeira Grande,PT,2021-10-10 21:23:19,38.5167,-28.7,70.9,89,100,23.15,overcast clouds
155,Fairbanks,US,2021-10-10 21:24:54,64.8378,-147.7164,37.36,95,90,0.0,mist
156,Mayor Pablo Lagerenza,PY,2021-10-10 21:24:55,-19.9309,-60.7718,83.03,53,69,8.66,broken clouds
157,Saint Anthony,US,2021-10-10 21:24:55,45.0205,-93.218,70.11,62,90,5.99,overcast clouds
158,Arlit,NE,2021-10-10 21:24:55,18.7369,7.3853,87.57,9,25,12.55,scattered clouds
159,Moree,AU,2021-10-10 21:24:55,-29.4667,149.85,62.62,94,90,0.0,moderate rain
160,Baguanos,CU,2021-10-10 21:24:56,20.7517,-76.0269,82.69,50,98,4.85,overcast clouds
161,Muli,MV,2021-10-10 21:21:16,2.9167,73.5667,82.78,75,91,15.23,overcast clouds
162,Mumford,GH,2021-10-10 21:24:56,5.2618,-0.759,77.34,88,86,10.76,moderate rain
163,Bershet,RU,2021-10-10 21:24:56,57.7309,56.3783,40.26,94,99,3.4,overcast clouds
164,Lavrentiya,RU,2021-10-10 21:23:23,65.5833,-171.0,28.96,80,30,2.77,scattered clouds
165,Maturin,VE,2021-10-10 21:24:57,9.75,-63.1767,81.25,83,93,7.85,overcast clouds
166,Kokemaki,FI,2021-10-10 21:24:57,61.2565,22.3564,51.58,78,100,10.63,overcast clouds
167,Kalengwa,ZM,2021-10-10 21:24:57,-13.4659,25.0027,74.14,28,2,4.99,clear sky
168,Sao Joao Da Barra,BR,2021-10-10 21:24:58,-21.6403,-41.0511,68.09,91,100,16.28,overcast clouds
169,Dalaba,GN,2021-10-10 21:24:58,10.7,-12.25,65.26,90,98,0.76,light rain
170,Salamiyah,SY,2021-10-10 21:24:58,35.0113,37.0532,70.09,47,29,5.17,scattered clouds
171,Tilichiki,RU,2021-10-10 21:24:59,60.4667,166.1,26.4,72,83,4.38,broken clouds
172,Palapye,BW,2021-10-10 21:24:59,-22.546,27.1251,61.9,71,56,21.36,broken clouds
173,Constitucion,CL,2021-10-10 21:22:56,-35.3333,-72.4167,60.98,60,0,14.79,clear sky
174,Altay,CN,2021-10-10 21:24:59,47.8667,88.1167,37.06,44,91,5.14,overcast clouds
175,Maniitsoq,GL,2021-10-10 21:24:59,65.4167,-52.9,35.67,87,100,10.49,overcast clouds
176,Mogadishu,SO,2021-10-10 21:23:57,2.0371,45.3438,78.26,89,15,14.88,few clouds
177,Esperance,AU,2021-10-10 21:23:47,-33.8667,121.9,53.44,43,100,19.95,overcast clouds
178,Clyde River,CA,2021-10-10 21:21:50,70.4692,-68.5914,37.63,75,90,11.5,overcast clouds
179,El Tigre,VE,2021-10-10 21:25:00,8.8875,-64.2454,85.35,59,100,2.42,overcast clouds
180,Disraeli,CA,2021-10-10 21:25:00,45.9001,-71.3491,60.28,77,100,3.8,overcast clouds
181,Vila Velha,BR,2021-10-10 21:24:14,-20.3297,-40.2925,69.75,94,90,4.61,mist
182,Alta,NO,2021-10-10 21:25:01,69.9689,23.2717,40.26,93,75,3.44,broken clouds
183,Nemuro,JP,2021-10-10 21:25:01,43.3236,145.575,63.52,89,100,32.77,overcast clouds
184,Ahipara,NZ,2021-10-10 21:25:02,-35.1667,173.1667,58.87,64,84,6.89,broken clouds
185,Grindavik,IS,2021-10-10 21:23:49,63.8424,-22.4338,40.95,100,75,3.44,broken clouds
186,Paradise Valley,US,2021-10-10 21:25:02,33.5312,-111.9427,84.51,19,1,3.0,clear sky
187,Upernavik,GL,2021-10-10 21:23:07,72.7868,-56.1549,33.08,98,100,12.64,snow
188,Coruripe,BR,2021-10-10 21:25:03,-10.1256,-36.1756,76.44,78,100,10.22,overcast clouds
189,Lebu,CL,2021-10-10 21:23:38,-37.6167,-73.65,54.75,74,12,11.74,few clouds
190,Roald,NO,2021-10-10 21:25:03,62.5833,6.1333,51.17,87,75,12.66,broken clouds
191,Humberto De Campos,BR,2021-10-10 21:25:04,-2.5983,-43.4611,80.51,74,50,8.75,scattered clouds
192,Kismayo,SO,2021-10-10 21:25:04,-0.3582,42.5454,77.85,89,14,15.86,few clouds
193,Springfield,US,2021-10-10 21:24:31,37.2153,-93.2982,85.17,49,1,10.0,clear sky
194,Faanui,PF,2021-10-10 21:23:13,-16.4833,-151.75,79.14,76,41,13.27,scattered clouds
195,Chuy,UY,2021-10-10 21:23:15,-33.6971,-53.4616,60.58,78,95,15.61,overcast clouds
196,Druzhba,UA,2021-10-10 21:25:05,52.0428,33.9453,39.6,61,64,5.32,broken clouds
197,Sibiti,CG,2021-10-10 21:25:05,-3.6819,13.3499,72.45,81,100,2.84,overcast clouds
198,Makakilo City,US,2021-10-10 21:25:06,21.3469,-158.0858,86.32,54,1,14.97,clear sky
199,Lasa,IT,2021-10-10 21:22:14,46.6166,10.7002,42.71,81,2,7.78,clear sky
200,Praia,CV,2021-10-10 21:25:06,14.9215,-23.5087,79.34,78,0,19.57,clear sky
201,Tsurib,RU,2021-10-10 21:25:07,42.2368,46.8307,42.33,67,9,5.5,clear sky
202,Tiksi,RU,2021-10-10 21:23:39,71.6872,128.8694,29.01,98,100,6.44,light snow
203,Corumba,BR,2021-10-10 21:25:07,-19.0092,-57.6533,87.71,62,75,13.8,broken clouds
204,Namibe,AO,2021-10-10 21:25:08,-15.1961,12.1522,68.54,87,71,5.82,broken clouds
205,Misratah,LY,2021-10-10 21:25:08,32.3754,15.0925,74.84,61,0,12.19,clear sky
206,Ostrowiec Swietokrzyski,PL,2021-10-10 21:25:08,50.9294,21.3853,43.66,54,57,4.72,broken clouds
207,Honiara,SB,2021-10-10 21:25:09,-9.4333,159.95,81.84,79,96,1.59,overcast clouds
208,Plouzane,FR,2021-10-10 21:25:09,48.3833,-4.6167,58.08,94,90,8.05,mist
209,Hasaki,JP,2021-10-10 21:23:20,35.7333,140.8333,66.6,73,54,14.85,broken clouds
210,Tateyama,JP,2021-10-10 21:25:09,34.9833,139.8667,72.1,70,57,13.09,broken clouds
211,Port Moresby,PG,2021-10-10 21:25:10,-9.4431,147.1797,74.62,100,90,5.75,overcast clouds
212,Sitka,US,2021-10-10 21:23:51,57.0531,-135.33,51.69,71,20,4.61,light rain
213,Zhezkazgan,KZ,2021-10-10 21:25:10,47.8043,67.7144,46.9,46,95,9.08,overcast clouds
214,Port Lincoln,AU,2021-10-10 21:25:10,-34.7333,135.8667,50.47,63,3,8.88,clear sky
215,Nambucca Heads,AU,2021-10-10 21:25:11,-30.65,153.0,68.16,94,100,4.97,light rain
216,Baracoa,CU,2021-10-10 21:25:11,20.3467,-74.4958,83.25,72,49,2.37,scattered clouds
217,Palu,ID,2021-10-10 21:25:11,-0.8917,119.8707,76.15,93,100,2.44,light rain
218,Axim,GH,2021-10-10 21:23:34,4.8699,-2.2405,76.87,90,100,10.09,light rain
219,Gorontalo,ID,2021-10-10 21:25:12,0.5412,123.0595,75.79,91,92,1.72,overcast clouds
220,Aasiaat,GL,2021-10-10 21:25:12,68.7098,-52.8699,30.61,74,100,3.8,overcast clouds
221,Madhogarh,IN,2021-10-10 21:25:12,26.276,79.1869,81.05,45,2,1.88,clear sky
222,Kalmunai,LK,2021-10-10 21:22:09,7.4167,81.8167,80.74,78,97,4.68,overcast clouds
223,Sandpoint,US,2021-10-10 21:25:13,48.2766,-116.5533,60.85,42,40,8.01,scattered clouds
224,Yumen,CN,2021-10-10 21:24:20,40.2833,97.2,37.69,23,1,11.63,clear sky
225,Galle,LK,2021-10-10 21:25:13,6.0367,80.217,79.54,85,86,13.94,overcast clouds
226,Mar Del Plata,AR,2021-10-10 21:25:13,-38.0023,-57.5575,62.01,56,0,14.0,clear sky
227,Vostok,RU,2021-10-10 21:23:34,46.4856,135.8833,37.0,88,100,14.92,overcast clouds
228,Dunedin,NZ,2021-10-10 21:25:00,-45.8742,170.5036,54.81,67,100,5.41,overcast clouds
229,Seoul,KR,2021-10-10 21:22:05,37.5683,126.9778,56.71,82,0,5.75,clear sky
230,Cayenne,GF,2021-10-10 21:24:06,4.9333,-52.3333,84.24,78,0,3.0,clear sky
231,Dingle,PH,2021-10-10 21:24:13,10.9995,122.6711,76.73,92,93,9.51,overcast clouds
232,San Matias,BO,2021-10-10 21:25:14,-16.3667,-58.4,95.83,34,82,4.36,broken clouds
233,Port Alfred,ZA,2021-10-10 21:23:18,-33.5906,26.891,60.24,70,17,24.7,few clouds
234,Norman Wells,CA,2021-10-10 21:23:33,65.282,-126.8329,32.04,93,75,10.36,broken clouds
235,Harrisonville,US,2021-10-10 21:20:47,38.6533,-94.3488,82.18,59,90,10.36,overcast clouds
236,Pacifica,US,2021-10-10 21:22:42,37.6138,-122.4869,81.73,67,20,3.44,few clouds
237,Baykit,RU,2021-10-10 21:25:14,61.67,96.37,22.82,81,70,6.49,broken clouds
238,Tretten,NO,2021-10-10 21:25:15,61.3142,10.3007,39.65,98,62,2.71,broken clouds
239,Hervey Bay,AU,2021-10-10 21:23:32,-25.2986,152.8535,75.02,63,4,12.62,clear sky
240,Trairi,BR,2021-10-10 21:24:23,-3.2778,-39.2689,79.7,73,5,13.06,clear sky
241,Mayumba,GA,2021-10-10 21:25:15,-3.432,10.6554,75.81,85,100,4.81,overcast clouds
242,Churapcha,RU,2021-10-10 21:25:15,62.0025,132.4325,31.98,98,100,9.73,light snow
243,College,US,2021-10-10 21:22:06,64.8569,-147.8028,37.35,95,90,5.75,mist
244,San Carlos,VE,2021-10-10 21:25:16,9.6612,-68.5827,83.64,80,82,0.67,broken clouds
245,Mwinilunga,ZM,2021-10-10 21:25:16,-11.7358,24.4293,72.88,33,2,4.68,clear sky
246,Isangel,VU,2021-10-10 21:23:04,-19.55,169.2667,78.91,69,20,13.8,few clouds
247,Macklin,CA,2021-10-10 21:21:20,52.3334,-109.9348,61.14,34,52,18.43,broken clouds
248,Omsukchan,RU,2021-10-10 21:25:17,62.5333,155.8,9.93,85,8,5.57,clear sky
249,Huarmey,PE,2021-10-10 21:24:17,-10.0681,-78.1522,67.82,80,65,9.93,broken clouds
250,Mudgee,AU,2021-10-10 21:25:17,-32.5943,149.5871,57.25,100,90,2.3,overcast clouds
251,Sakakah,SA,2021-10-10 21:25:17,29.9697,40.2064,81.97,17,3,7.31,clear sky
252,Boffa,GN,2021-10-10 21:25:17,10.1667,-14.0333,81.5,89,90,2.64,light rain
253,Great Bend,US,2021-10-10 21:25:18,38.3645,-98.7648,56.97,93,90,5.75,moderate rain
254,Sumenep,ID,2021-10-10 21:24:01,-7.0167,113.8667,79.83,78,42,5.26,scattered clouds
255,Bethel,US,2021-10-10 21:23:01,41.3712,-73.414,64.2,88,90,1.01,haze
256,Emba,KZ,2021-10-10 21:25:18,48.8264,58.1442,44.96,66,52,5.5,broken clouds
257,Hambantota,LK,2021-10-10 21:25:18,6.1241,81.1185,79.14,100,95,8.05,overcast clouds
258,Deputatskiy,RU,2021-10-10 21:23:06,69.3,139.9,19.11,85,100,3.74,overcast clouds
259,Port Hedland,AU,2021-10-10 21:25:19,-20.3167,118.5667,71.65,24,51,14.97,broken clouds
260,Nome,US,2021-10-10 21:25:19,64.5011,-165.4064,38.16,69,75,4.61,broken clouds
261,Ouallam,NE,2021-10-10 21:25:19,14.3188,2.0866,93.85,18,100,8.48,overcast clouds
262,Champerico,GT,2021-10-10 21:25:20,14.3,-91.9167,87.35,76,100,10.8,overcast clouds
263,Estelle,US,2021-10-10 21:25:20,29.8458,-90.1067,86.05,64,40,10.36,scattered clouds
264,Butaritari,KI,2021-10-10 21:23:25,3.0707,172.7902,81.27,69,49,10.71,scattered clouds
265,Ahtopol,BG,2021-10-10 21:25:20,42.1,27.95,57.67,82,100,10.25,overcast clouds
266,Aguilas,ES,2021-10-10 21:25:21,37.4063,-1.5829,70.2,71,36,10.25,scattered clouds
267,Bengkulu,ID,2021-10-10 21:23:54,-3.8004,102.2655,75.54,90,91,3.42,overcast clouds
268,Loveland,US,2021-10-10 21:25:21,40.3978,-105.075,72.54,30,1,3.0,clear sky
269,Samarai,PG,2021-10-10 21:25:21,-10.6167,150.6667,79.29,78,98,8.55,overcast clouds
270,Humaita,BR,2021-10-10 21:25:22,-7.5061,-63.0208,95.72,38,26,4.09,scattered clouds
271,The Pas,CA,2021-10-10 21:25:22,53.8251,-101.2541,64.42,45,1,12.66,clear sky
272,Katsuura,JP,2021-10-10 21:25:22,35.1333,140.3,72.19,71,77,12.95,broken clouds
273,Togur,RU,2021-10-10 21:25:23,58.3631,82.8265,26.4,70,4,4.92,clear sky
274,Caravelas,BR,2021-10-10 21:24:28,-17.7125,-39.2481,73.06,89,100,8.01,overcast clouds
275,Clarence Town,AU,2021-10-10 21:25:23,-32.5833,151.7833,59.61,95,100,10.22,light rain
276,Williams Lake,CA,2021-10-10 21:25:23,52.1415,-122.1445,45.23,39,75,4.0,broken clouds
277,Saint-Michel-Des-Saints,CA,2021-10-10 21:25:24,46.6834,-73.9159,57.94,93,99,5.97,overcast clouds
278,Saint-Philippe,RE,2021-10-10 21:18:19,-21.3585,55.7679,71.15,88,8,6.8,clear sky
279,Saint-Pierre,RE,2021-10-10 21:25:24,-21.3393,55.4781,71.24,73,0,6.91,clear sky
280,Puerto Ayora,EC,2021-10-10 21:23:09,-0.7393,-90.3518,76.96,83,67,7.0,broken clouds
281,Walvis Bay,NA,2021-10-10 21:25:24,-22.9575,14.5053,60.1,77,0,8.05,clear sky
282,Tarsus,TR,2021-10-10 21:25:25,36.9188,34.8784,71.47,39,2,1.54,clear sky
283,Uruana,BR,2021-10-10 21:25:25,-15.4981,-49.6875,88.72,36,89,6.91,heavy intensity rain
284,Aras,ES,2021-10-10 21:25:25,42.5617,-2.356,51.06,76,0,6.91,clear sky
285,Coquimbo,CL,2021-10-10 21:25:25,-29.9533,-71.3436,64.13,48,0,14.97,clear sky
286,Toamasina,MG,2021-10-10 21:25:26,-18.1667,49.3833,66.2,94,20,1.14,few clouds
287,Herat,AF,2021-10-10 21:25:26,34.5,62.0,42.01,34,0,10.87,clear sky
288,Zhoucheng,CN,2021-10-10 21:25:26,35.9122,116.3117,49.19,59,71,7.25,light rain
289,Hamilton,US,2021-10-10 21:24:42,39.1834,-84.5333,84.65,62,1,1.01,clear sky
290,Gisborne,NZ,2021-10-10 21:25:27,-38.6533,178.0042,57.94,72,7,5.03,clear sky
291,Najran,SA,2021-10-10 21:23:30,17.4924,44.1277,75.85,30,7,3.91,clear sky
292,Luanda,AO,2021-10-10 21:24:36,-8.8368,13.2343,75.2,78,40,6.91,scattered clouds
293,Huaral,PE,2021-10-10 21:25:27,-11.495,-77.2078,60.73,73,41,6.89,scattered clouds
294,Guerrero Negro,MX,2021-10-10 21:25:27,27.9769,-114.0611,79.68,46,0,12.5,clear sky
295,Colac,AU,2021-10-10 21:25:28,-38.3333,143.5833,45.43,78,65,4.63,broken clouds
296,Boguchany,RU,2021-10-10 21:24:14,58.3814,97.4531,30.27,93,100,5.41,overcast clouds
297,Kalaleh,IR,2021-10-10 21:25:28,37.3807,55.4916,53.2,71,0,0.0,clear sky
298,Viedma,AR,2021-10-10 21:23:47,-40.8135,-62.9967,73.74,28,1,18.45,clear sky
299,Boulsa,BF,2021-10-10 21:25:29,12.6675,-0.5758,87.78,46,99,4.23,overcast clouds
300,Vega De Alatorre,MX,2021-10-10 21:25:29,20.0333,-96.6333,87.62,65,6,15.21,clear sky
301,Sorong,ID,2021-10-10 21:25:29,-0.8833,131.25,79.32,84,100,5.53,overcast clouds
302,Castro,BR,2021-10-10 21:18:22,-24.7911,-50.0119,57.63,93,100,9.22,overcast clouds
303,Kavieng,PG,2021-10-10 21:23:10,-2.5744,150.7967,82.22,75,63,6.98,broken clouds
304,Husavik,IS,2021-10-10 21:23:12,66.0449,-17.3389,37.31,97,100,1.32,overcast clouds
305,Khovu-Aksy,RU,2021-10-10 21:25:30,51.1333,93.6,28.2,72,57,4.59,broken clouds
306,Bambous Virieux,MU,2021-10-10 21:23:50,-20.3428,57.7575,71.85,94,75,8.05,light rain
307,Hamada,JP,2021-10-10 21:25:30,34.8833,132.0833,70.0,83,8,5.1,clear sky
308,Chadiza,ZM,2021-10-10 21:25:30,-14.0678,32.4392,76.6,34,8,15.68,clear sky
309,Leh,IN,2021-10-10 21:24:13,34.1667,77.5833,41.63,39,0,5.79,clear sky
310,Naryan-Mar,RU,2021-10-10 21:25:31,67.6713,53.087,30.63,94,100,11.18,overcast clouds
311,Igrim,RU,2021-10-10 21:25:31,63.1906,64.4162,28.96,63,6,4.32,clear sky
312,Ahuimanu,US,2021-10-10 21:25:31,21.4447,-157.8378,87.51,61,40,16.11,scattered clouds
313,Victoria,HK,2021-10-10 21:23:15,22.2855,114.1577,82.33,84,100,3.0,overcast clouds
314,San Jeronimo,PE,2021-10-10 21:25:32,-11.9472,-75.2829,64.8,47,80,8.3,broken clouds
315,Nelspruit,ZA,2021-10-10 21:25:32,-25.4745,30.9703,58.84,88,91,9.22,overcast clouds
316,Phan Thiet,VN,2021-10-10 21:24:54,10.9333,108.1,78.19,89,100,7.67,overcast clouds
317,Margate,GB,2021-10-10 21:23:18,51.3813,1.3862,56.7,81,77,10.83,broken clouds
318,Praia Da Vitoria,PT,2021-10-10 21:23:32,38.7333,-27.0667,72.75,96,100,15.12,overcast clouds
319,Haines Junction,CA,2021-10-10 21:23:48,60.7522,-137.5108,39.15,56,26,2.3,scattered clouds
320,Kjollefjord,NO,2021-10-10 21:25:33,70.9457,27.3465,42.58,87,100,9.64,overcast clouds
321,San Jose,US,2021-10-10 21:23:50,37.3394,-121.895,81.88,35,20,5.01,smoke
322,Roma,US,2021-10-10 21:24:10,43.2128,-75.4557,71.44,72,1,10.36,clear sky
323,Eenhana,NA,2021-10-10 21:25:33,-17.4667,16.3333,80.35,12,0,8.14,clear sky
324,Tura,IN,2021-10-10 21:23:11,25.5198,90.2201,73.76,86,5,3.67,clear sky
325,Mailsi,PK,2021-10-10 21:25:33,29.8003,72.1758,80.69,28,0,3.87,clear sky
326,Komsomolskiy,UZ,2021-10-10 21:25:34,40.4272,71.7189,44.02,81,24,4.61,few clouds
327,Bardiyah,LY,2021-10-10 21:25:34,31.7561,25.0865,74.8,70,0,11.14,clear sky
328,Inta,RU,2021-10-10 21:25:34,66.0317,60.1659,28.65,73,83,6.71,broken clouds
329,Manggar,ID,2021-10-10 21:25:35,-2.8833,108.2667,80.92,83,100,7.11,overcast clouds
330,Kalanguy,RU,2021-10-10 21:25:35,51.0167,116.5167,32.25,75,0,2.59,clear sky
331,Mae Hong Son,TH,2021-10-10 21:25:35,19.3003,97.9685,73.4,99,100,1.41,overcast clouds
332,Shimoda,JP,2021-10-10 21:25:35,34.6667,138.95,71.71,81,10,7.05,clear sky
333,Yangambi,CD,2021-10-10 21:25:36,0.8102,24.4336,71.58,99,100,2.71,light rain
334,Tigil,RU,2021-10-10 21:25:36,57.8,158.6667,31.44,87,54,5.64,broken clouds
335,Port Elizabeth,ZA,2021-10-10 21:21:36,-33.918,25.5701,61.09,72,20,19.57,few clouds
336,Lompoc,US,2021-10-10 21:25:36,34.6391,-120.4579,86.22,58,1,10.36,clear sky
337,Camalu,MX,2021-10-10 21:25:37,30.85,-116.0667,73.81,49,0,8.23,clear sky
338,Zhigansk,RU,2021-10-10 21:24:21,66.7697,123.3711,33.62,99,100,12.64,light rain
339,Jumla,NP,2021-10-10 21:25:37,29.2747,82.1838,50.7,78,1,4.94,clear sky
340,Torrington,US,2021-10-10 21:25:37,41.8007,-73.1212,63.34,90,100,1.99,overcast clouds
341,Imbituba,BR,2021-10-10 21:25:37,-28.24,-48.6703,67.89,82,100,11.63,overcast clouds
342,Norwich,GB,2021-10-10 21:25:38,52.6278,1.2983,54.01,94,63,3.44,broken clouds
343,Kholodnyy,RU,2021-10-10 21:25:38,62.7167,147.95,4.03,97,56,0.69,broken clouds
344,Ulladulla,AU,2021-10-10 21:25:38,-35.35,150.4667,50.9,80,100,10.07,overcast clouds
345,General Roca,AR,2021-10-10 21:25:39,-39.0333,-67.5833,82.8,17,25,11.16,scattered clouds
346,Yulara,AU,2021-10-10 21:23:17,-25.2406,130.9889,53.44,71,90,9.22,overcast clouds
347,Kloulklubed,PW,2021-10-10 21:25:39,7.0419,134.2556,73.9,74,94,12.24,overcast clouds
348,Rio Cuarto,AR,2021-10-10 21:25:39,-33.1307,-64.3499,62.37,72,90,4.61,light rain
349,Houma,US,2021-10-10 21:25:39,29.5958,-90.7195,86.0,68,0,10.31,clear sky
350,San Ramon,US,2021-10-10 21:21:11,37.7799,-121.978,82.63,37,1,1.01,clear sky
351,Sioux Lookout,CA,2021-10-10 21:25:40,50.1001,-91.917,62.98,94,90,5.75,overcast clouds
352,Farmington,US,2021-10-10 21:25:40,36.7281,-108.2187,69.85,27,1,24.16,clear sky
353,Hofn,IS,2021-10-10 21:23:23,64.2539,-15.2082,42.51,69,62,12.08,broken clouds
354,Chumikan,RU,2021-10-10 21:25:40,54.7183,135.315,37.72,94,100,7.81,overcast clouds
355,Sile,TR,2021-10-10 21:25:41,41.1754,29.6133,63.57,77,100,8.01,overcast clouds
356,Mezen,RU,2021-10-10 21:25:41,65.8522,44.24,44.71,99,100,4.79,overcast clouds
357,Miyako,JP,2021-10-10 21:25:41,39.6367,141.9525,65.89,90,99,8.68,overcast clouds
358,Manado,ID,2021-10-10 21:25:42,1.487,124.8455,75.97,94,20,1.14,few clouds
359,Kushiro,JP,2021-10-10 21:25:42,42.975,144.3747,64.08,89,100,32.41,moderate rain
360,Quatre Cocos,MU,2021-10-10 21:25:42,-20.2078,57.7625,71.71,92,96,8.08,light rain
361,Candido Mendes,BR,2021-10-10 21:25:43,-1.4467,-45.7167,77.67,88,56,5.1,broken clouds
362,Harper,LR,2021-10-10 21:25:43,4.375,-7.7169,77.95,88,98,10.27,light rain
363,Cortez,US,2021-10-10 21:25:43,37.3489,-108.5859,69.42,32,1,19.57,clear sky
364,Tres Arroyos,AR,2021-10-10 21:25:43,-38.3739,-60.2798,62.49,71,100,10.98,overcast clouds
365,Abha,SA,2021-10-10 21:25:44,18.2164,42.5053,66.02,26,0,6.91,clear sky
366,Gunnedah,AU,2021-10-10 21:25:44,-30.9833,150.25,60.42,97,100,3.06,overcast clouds
367,Prince Rupert,CA,2021-10-10 21:24:22,54.3161,-130.3201,47.89,84,90,6.91,moderate rain
368,Tsagan Aman,RU,2021-10-10 21:25:44,47.5639,46.7218,46.98,57,99,3.24,overcast clouds
369,Itoman,JP,2021-10-10 21:25:45,26.1247,127.6694,83.17,85,75,16.11,light intensity shower rain
370,Alice Springs,AU,2021-10-10 21:24:19,-23.7,133.8833,53.15,94,90,12.66,overcast clouds
371,Sechura,PE,2021-10-10 21:23:55,-5.5569,-80.8222,76.17,62,29,16.46,scattered clouds
372,Rawson,AR,2021-10-10 21:23:23,-43.3002,-65.1023,74.88,29,34,14.25,scattered clouds
373,Sarmanovo,RU,2021-10-10 21:25:45,55.2553,52.5891,41.68,84,96,5.93,overcast clouds
374,Palembang,ID,2021-10-10 21:25:45,-2.9167,104.7458,75.4,91,71,3.18,broken clouds
375,Ayan,RU,2021-10-10 21:25:46,56.45,138.1667,39.67,69,100,15.37,overcast clouds
376,Nizhnyaya Tavda,RU,2021-10-10 21:25:46,57.6731,66.1725,27.28,73,9,1.43,clear sky
377,Okhotsk,RU,2021-10-10 21:25:46,59.3833,143.3,21.58,83,24,8.77,few clouds
378,Ziway,ET,2021-10-10 21:25:46,7.9333,38.7167,66.74,79,98,1.68,light rain
379,Jiazi,CN,2021-10-10 21:25:47,22.8779,116.067,77.41,77,87,6.6,overcast clouds
380,Faya,SA,2021-10-10 21:23:27,18.3851,42.4509,66.31,29,34,11.3,scattered clouds
381,Imuris,MX,2021-10-10 21:25:47,30.7833,-110.8667,80.02,14,0,4.47,clear sky
382,Moratuwa,LK,2021-10-10 21:25:47,6.773,79.8816,80.62,87,94,12.1,overcast clouds
383,Muhos,FI,2021-10-10 21:25:48,64.808,25.9931,49.78,82,100,10.18,overcast clouds
384,Coahuayana,MX,2021-10-10 21:25:48,18.7333,-103.6833,92.68,69,100,4.83,overcast clouds
385,Katobu,ID,2021-10-10 21:25:48,-4.9408,122.5276,75.56,89,100,1.79,overcast clouds
386,San Pedro,PH,2021-10-10 21:25:48,14.35,121.0167,80.35,89,20,2.3,few clouds
387,Vurnary,RU,2021-10-10 21:25:49,55.4904,46.9648,45.82,85,100,5.39,overcast clouds
388,Bulawayo,ZW,2021-10-10 21:25:49,-20.15,28.5833,52.97,82,100,19.95,overcast clouds
389,Olafsvik,IS,2021-10-10 21:25:29,64.8945,-23.7142,40.15,60,24,0.83,few clouds
390,Eydhafushi,MV,2021-10-10 21:21:16,5.1033,73.0708,82.94,76,83,17.02,broken clouds
391,Kabalo,CD,2021-10-10 21:25:50,-6.05,26.9167,75.29,78,99,2.86,overcast clouds
392,Port Blair,IN,2021-10-10 21:23:41,11.6667,92.75,80.73,83,100,17.02,overcast clouds
393,Marana,US,2021-10-10 21:21:34,32.4367,-111.2254,82.9,19,1,4.61,clear sky
394,Westport,US,2021-10-10 21:25:50,41.1415,-73.3579,66.34,90,90,1.01,overcast clouds
395,Boddam,GB,2021-10-10 21:25:50,57.4667,-1.7833,52.72,79,42,19.55,scattered clouds
396,Baherden,TM,2021-10-10 21:25:51,38.4362,57.4316,50.31,21,8,7.02,clear sky
397,Sokoto,NG,2021-10-10 21:25:51,13.0609,5.239,85.24,27,100,6.73,overcast clouds
398,Moron,AR,2021-10-10 21:25:51,-34.6534,-58.6198,67.05,80,100,7.0,overcast clouds
399,Visby,SE,2021-10-10 21:23:32,57.6409,18.296,53.85,76,90,16.11,overcast clouds
400,Severo-Kurilsk,RU,2021-10-10 21:23:50,50.6789,156.125,47.84,94,100,27.76,moderate rain
401,Sungaipenuh,ID,2021-10-10 21:25:52,-2.0833,101.3833,65.93,99,100,1.12,overcast clouds
402,Cheyenne,US,2021-10-10 21:25:33,41.14,-104.8203,63.91,29,20,20.71,few clouds
403,Rio Gallegos,AR,2021-10-10 21:23:48,-51.6226,-69.2181,55.45,47,20,11.5,few clouds
404,Sao Miguel Do Araguaia,BR,2021-10-10 21:24:03,-13.275,-50.1628,92.52,29,81,1.79,broken clouds
405,Gondanglegi,ID,2021-10-10 21:24:03,-7.7479,112.0132,74.23,85,85,10.47,overcast clouds
406,Sangar,RU,2021-10-10 21:25:13,63.9242,127.4739,34.11,98,100,6.29,light rain
407,Cherskiy,RU,2021-10-10 21:21:53,68.75,161.3,0.46,98,87,5.55,overcast clouds
408,Pinehurst,US,2021-10-10 21:25:52,35.1954,-79.4695,76.82,78,40,9.22,scattered clouds
409,San Diego De Los Banos,CU,2021-10-10 21:25:53,22.6467,-83.3697,82.94,69,46,3.96,light rain
410,Geraldton,AU,2021-10-10 21:19:17,-28.7667,114.6,50.41,87,37,5.75,scattered clouds
411,Port Hawkesbury,CA,2021-10-10 21:24:04,45.6169,-61.3485,56.79,74,1,3.0,clear sky
412,Marzuq,YE,2021-10-10 21:25:53,14.4,46.4667,78.75,57,40,2.93,scattered clouds
413,Kaliua,TZ,2021-10-10 21:25:53,-5.0606,31.7936,79.95,32,89,4.38,overcast clouds
414,Qaqortoq,GL,2021-10-10 21:25:54,60.7167,-46.0333,30.7,54,33,2.3,scattered clouds
415,Havre-Saint-Pierre,CA,2021-10-10 21:25:54,50.2334,-63.5986,52.39,81,1,13.8,clear sky
416,Popondetta,PG,2021-10-10 21:25:55,-8.7537,148.2534,72.72,98,100,2.1,overcast clouds
417,Tomatlan,MX,2021-10-10 21:25:55,19.9333,-105.25,85.91,79,100,5.17,overcast clouds
418,Southbridge,US,2021-10-10 21:23:21,42.0751,-72.0334,63.14,87,100,4.0,overcast clouds
419,Jerez,GT,2021-10-10 21:25:55,14.1,-89.75,87.66,55,20,2.3,few clouds
420,Kijang,KR,2021-10-10 21:25:55,35.2442,129.2139,73.13,86,94,3.98,light rain
421,Banda Aceh,ID,2021-10-10 21:25:56,5.5577,95.3222,79.11,80,29,15.05,scattered clouds
422,Acapulco,MX,2021-10-10 21:22:19,16.8634,-99.8901,85.82,70,40,9.22,scattered clouds
423,Christchurch,NZ,2021-10-10 21:25:56,-43.5333,172.6333,60.03,74,100,3.44,overcast clouds
424,Bathsheba,BB,2021-10-10 21:23:39,13.2167,-59.5167,83.01,78,40,19.57,scattered clouds
425,Aykhal,RU,2021-10-10 21:25:56,66.0,111.5,19.36,94,100,13.73,overcast clouds
426,Cotonou,BJ,2021-10-10 21:24:05,6.3654,2.4183,80.58,83,40,10.36,scattered clouds
427,Batagay,RU,2021-10-10 21:25:57,67.6333,134.6333,29.98,81,100,5.75,overcast clouds
428,Muzhi,RU,2021-10-10 21:23:36,65.3667,64.6667,27.55,75,11,7.07,few clouds
429,Antalaha,MG,2021-10-10 21:25:57,-14.9003,50.2788,65.64,82,27,6.96,scattered clouds
430,Kruisfontein,ZA,2021-10-10 21:25:58,-34.0033,24.7314,52.84,76,41,6.2,scattered clouds
431,Sweetwater,US,2021-10-10 21:25:58,25.7634,-80.3731,85.01,70,75,1.99,broken clouds
432,Comodoro Rivadavia,AR,2021-10-10 21:24:30,-45.8667,-67.5,71.46,26,0,24.16,clear sky
433,Portland,US,2021-10-10 21:21:23,45.5234,-122.6762,60.94,70,75,1.01,broken clouds
434,Bandarbeyla,SO,2021-10-10 21:25:58,9.4942,50.8122,78.69,88,87,20.13,overcast clouds
435,Sao Filipe,CV,2021-10-10 21:25:59,14.8961,-24.4956,81.03,71,0,5.55,clear sky
436,Hami,CN,2021-10-10 21:23:36,42.8,93.45,48.04,25,4,7.18,clear sky
437,Riyadh,SA,2021-10-10 21:23:11,24.6877,46.7219,80.74,17,0,5.48,clear sky
438,Payo,ID,2021-10-10 21:25:59,-3.7508,103.6372,75.45,86,89,0.96,overcast clouds
439,Kiunga,PG,2021-10-10 21:25:59,-6.1219,141.2906,73.38,99,100,1.3,light rain
440,Te Anau,NZ,2021-10-10 21:26:00,-45.4167,167.7167,40.69,98,100,2.39,moderate rain
441,Howard Springs,AU,2021-10-10 21:26:00,-12.497,131.047,82.31,94,61,4.05,broken clouds
442,Luganville,VU,2021-10-10 21:26:00,-15.5333,167.1667,78.76,84,97,13.62,overcast clouds
443,Marathon,US,2021-10-10 21:26:00,44.9,-89.7668,76.95,67,20,1.99,few clouds
444,Tacuarembo,UY,2021-10-10 21:23:27,-31.7333,-55.9833,65.16,93,100,6.96,moderate rain
445,Surt,LY,2021-10-10 21:23:41,31.2089,16.5887,76.53,68,71,15.05,broken clouds
446,Utete,TZ,2021-10-10 21:26:01,-7.986,38.758,71.83,90,87,2.17,overcast clouds
447,Mogadouro,PT,2021-10-10 21:26:02,41.3403,-6.7119,51.78,51,63,7.27,broken clouds
448,Ifanadiana,MG,2021-10-10 21:26:02,-21.3,47.6333,62.78,91,30,1.68,scattered clouds
449,Barbate,ES,2021-10-10 21:26:02,36.1924,-5.9219,73.58,75,97,25.55,overcast clouds
450,Hirara,JP,2021-10-10 21:26:03,24.8,125.2833,81.43,86,100,35.54,light rain
451,Lufilufi,WS,2021-10-10 21:26:03,-13.8745,-171.5986,83.98,77,98,10.25,overcast clouds
452,Kahna Nau,PK,2021-10-10 21:26:03,31.3692,74.3653,77.04,83,0,16.11,smoke
453,Buin,CL,2021-10-10 21:26:04,-33.7333,-70.75,76.05,35,0,5.19,clear sky
454,Paka,MY,2021-10-10 21:26:04,4.6374,103.4368,75.13,94,95,0.0,overcast clouds
455,Rio Claro,BR,2021-10-10 21:26:04,-22.4114,-47.5614,67.82,82,100,8.21,heavy intensity rain
456,General Pico,AR,2021-10-10 21:26:04,-35.6566,-63.7568,67.6,57,98,2.26,overcast clouds
457,Lata,PT,2021-10-10 21:22:26,40.1629,-8.3327,67.08,53,15,4.59,few clouds
458,Alofi,NU,2021-10-10 21:23:46,-19.0595,-169.9187,78.69,83,100,3.44,overcast clouds
459,Kilindoni,TZ,2021-10-10 21:26:05,-7.9139,39.6668,77.68,79,62,15.05,broken clouds
460,Beira,MZ,2021-10-10 21:26:05,-19.8436,34.8389,71.58,83,95,18.72,light rain
461,Casa Grande,US,2021-10-10 21:26:06,32.8795,-111.7573,84.27,18,1,3.0,clear sky
462,Kattivakkam,IN,2021-10-10 21:26:06,13.2167,80.3167,80.69,80,97,5.48,overcast clouds
463,Rawlins,US,2021-10-10 21:24:14,41.7911,-107.2387,52.34,43,40,20.71,scattered clouds
464,Skovorodino,RU,2021-10-10 21:26:06,53.9833,123.9167,30.97,84,0,2.84,clear sky
465,Rockland,US,2021-10-10 21:26:07,41.1668,-74.0496,66.49,91,100,7.96,overcast clouds
466,Anadyr,RU,2021-10-10 21:26:07,64.75,177.4833,23.5,92,75,4.0,light snow
467,Meulaboh,ID,2021-10-10 21:26:07,4.1363,96.1285,76.15,88,100,3.29,overcast clouds
468,Gladstone,AU,2021-10-10 21:26:08,-23.85,151.25,72.79,78,5,2.3,clear sky
469,Alamos,MX,2021-10-10 21:26:08,27.0167,-108.9333,93.27,27,0,6.2,clear sky
470,Balsa,RO,2021-10-10 21:26:08,46.0333,23.1167,43.83,67,79,4.12,broken clouds
471,Tabuk,PH,2021-10-10 21:26:09,17.4189,121.4443,73.04,96,100,2.77,heavy intensity rain
472,Itarema,BR,2021-10-10 21:26:09,-2.9248,-39.9167,79.56,76,8,18.1,clear sky
473,Terra Roxa,BR,2021-10-10 21:26:09,-23.8557,-50.0314,60.13,93,100,6.69,overcast clouds
474,Aquiraz,BR,2021-10-10 21:26:10,-3.9014,-38.3911,84.22,62,13,13.2,few clouds
475,Gizo,SB,2021-10-10 21:26:10,-8.103,156.8419,81.72,80,81,8.81,broken clouds
476,Rusape,ZW,2021-10-10 21:26:10,-18.5278,32.1284,58.39,92,100,11.83,light rain
477,Abu Dhabi,AE,2021-10-10 21:24:37,24.4667,54.3667,87.91,62,0,4.61,clear sky
478,Virtsu,EE,2021-10-10 21:26:11,58.5716,23.5115,51.98,79,68,20.0,broken clouds
479,Dubbo,AU,2021-10-10 21:25:09,-32.25,148.6167,53.73,82,90,10.36,overcast clouds
480,Asau,RO,2021-10-10 21:26:12,46.4333,26.4,40.75,47,23,2.28,light snow
481,San Rafael Del Sur,NI,2021-10-10 21:26:12,11.8485,-86.4384,92.37,76,61,4.23,broken clouds
482,Ust-Tsilma,RU,2021-10-10 21:26:12,65.441,52.1498,33.48,98,100,5.77,light snow
483,Townsville,AU,2021-10-10 21:26:12,-19.25,146.8,74.28,73,20,0.0,few clouds
484,Guhagar,IN,2021-10-10 21:26:13,17.4842,73.1929,77.41,91,100,3.13,overcast clouds
485,Garmsar,IR,2021-10-10 21:26:13,35.2182,52.3409,60.85,37,0,4.03,clear sky
486,Guanhaes,BR,2021-10-10 21:26:14,-18.775,-42.9325,63.99,95,100,3.49,overcast clouds
487,Stornoway,GB,2021-10-10 21:26:14,58.2093,-6.3865,49.96,87,90,11.5,overcast clouds
488,Chapais,CA,2021-10-10 21:26:14,49.7834,-74.8492,56.98,94,100,7.83,overcast clouds
489,Ketchikan,US,2021-10-10 21:24:17,55.3422,-131.6461,48.67,87,75,8.05,light rain
490,Buala,SB,2021-10-10 21:26:15,-8.145,159.5921,81.3,80,96,5.14,overcast clouds
491,Floriano,BR,2021-10-10 21:26:15,-6.7669,-43.0225,95.16,27,100,5.21,overcast clouds
492,Thessalon,CA,2021-10-10 21:26:16,46.2501,-83.5666,66.96,95,100,11.59,overcast clouds
493,Aktau,KZ,2021-10-10 21:26:16,43.65,51.2,41.58,31,100,5.68,overcast clouds
494,Albemarle,US,2021-10-10 21:26:16,35.3501,-80.2001,79.65,67,40,8.05,scattered clouds
495,Tabou,CI,2021-10-10 21:26:17,4.423,-7.3528,78.17,88,100,9.64,light rain
496,Yashkul,RU,2021-10-10 21:26:17,46.1711,45.3435,49.19,61,9,7.27,clear sky
497,Kuna,US,2021-10-10 21:23:33,43.4918,-116.4201,67.41,36,1,1.01,clear sky
498,Aklavik,CA,2021-10-10 21:23:42,68.2191,-135.0107,30.92,78,100,9.31,overcast clouds
499,Mazatlan,MX,2021-10-10 21:25:12,23.2167,-106.4167,91.36,78,20,7.0,few clouds
500,Mana,GF,2021-10-10 21:26:17,5.6592,-53.7767,81.46,81,100,11.43,overcast clouds
501,Placido De Castro,BR,2021-10-10 21:26:18,-10.3353,-67.1856,99.86,29,60,7.0,broken clouds
502,Nhulunbuy,AU,2021-10-10 21:23:48,-12.2333,136.7667,79.41,78,90,4.61,overcast clouds
503,Dhone,IN,2021-10-10 21:26:18,15.4167,77.8833,76.84,81,91,3.33,overcast clouds
504,Emerald,AU,2021-10-10 21:26:18,-23.5333,148.1667,73.98,60,40,11.5,scattered clouds
505,Bull Savanna,JM,2021-10-10 21:24:59,17.8868,-77.5902,82.2,64,79,8.88,broken clouds
506,Taksimo,RU,2021-10-10 21:26:19,56.3444,114.8794,30.31,84,68,1.5,broken clouds
507,Pangnirtung,CA,2021-10-10 21:23:38,66.1451,-65.7125,36.36,69,100,3.69,overcast clouds
508,Akdagmadeni,TR,2021-10-10 21:26:19,39.6603,35.8836,53.2,50,0,2.68,clear sky
509,Paamiut,GL,2021-10-10 21:24:15,61.994,-49.6678,36.63,61,100,9.42,overcast clouds
510,Coihaique,CL,2021-10-10 21:26:19,-45.5752,-72.0662,56.01,58,75,4.61,broken clouds
511,Rotterdam,NL,2021-10-10 21:26:20,51.9225,4.4792,57.9,88,90,5.75,overcast clouds
512,Kalamata,GR,2021-10-10 21:21:39,37.0389,22.1142,65.1,86,24,2.3,few clouds
513,Polyarnyy,RU,2021-10-10 21:26:20,69.1989,33.4478,43.27,92,100,0.87,overcast clouds
514,Pacific Grove,US,2021-10-10 21:26:20,36.6177,-121.9166,83.57,73,1,5.99,clear sky
515,Khorixas,NA,2021-10-10 21:26:21,-20.3667,14.9667,78.87,12,0,5.44,clear sky
516,Lysyanka,UA,2021-10-10 21:26:21,49.2523,30.8295,42.1,61,22,6.85,few clouds
517,Ojinaga,MX,2021-10-10 21:26:21,29.5667,-104.4167,94.15,16,1,23.02,clear sky
518,Namtsy,RU,2021-10-10 21:26:21,62.7161,129.6658,35.71,92,100,8.32,overcast clouds
519,Green River,US,2021-10-10 21:26:22,41.5286,-109.4662,57.97,41,4,8.99,clear sky
520,Bubaque,GW,2021-10-10 21:26:22,11.2833,-15.8333,82.69,77,100,9.06,overcast clouds
521,Iquique,CL,2021-10-10 21:22:57,-20.2208,-70.1431,62.64,72,29,11.81,scattered clouds
522,Paso De Carrasco,UY,2021-10-10 21:26:22,-34.8603,-56.0522,64.85,79,75,12.66,moderate rain
523,Nabire,ID,2021-10-10 21:26:23,-3.3667,135.4833,75.83,91,96,2.8,overcast clouds
524,Emmett,US,2021-10-10 21:26:23,43.8735,-116.4993,68.56,32,81,1.01,broken clouds
525,Amazar,RU,2021-10-10 21:26:23,53.858,120.875,31.3,75,13,3.29,few clouds
526,Roura,GF,2021-10-10 21:26:23,4.7263,-52.3274,84.11,74,0,8.05,clear sky
527,Labuhan,ID,2021-10-10 21:24:12,-6.8844,112.2051,77.54,78,70,8.66,broken clouds
528,Inverell,AU,2021-10-10 21:23:14,-29.7833,151.1167,63.66,93,100,1.01,light rain
529,Moss Point,US,2021-10-10 21:26:24,30.4116,-88.5345,87.58,65,1,10.36,clear sky
530,Terrace,CA,2021-10-10 21:22:15,54.5163,-128.6035,50.43,87,75,2.3,light intensity shower rain
531,Twentynine Palms,US,2021-10-10 21:25:01,34.1356,-116.0542,84.06,16,0,3.0,clear sky
532,Rovaniemi,FI,2021-10-10 21:26:24,66.5,25.7167,47.61,100,90,8.05,overcast clouds
533,Aswan,EG,2021-10-10 21:26:25,24.0934,32.907,96.1,17,0,12.66,clear sky
534,Egvekinot,RU,2021-10-10 21:26:25,66.3167,-179.1667,19.38,86,98,8.68,overcast clouds
535,Gondar,ET,2021-10-10 21:26:25,12.6,37.4667,57.7,79,35,4.27,scattered clouds
536,Yanam,IN,2021-10-10 21:26:25,16.7333,82.2167,77.04,89,15,3.2,few clouds
537,Wagar,SD,2021-10-10 21:26:26,16.1525,36.2032,91.08,38,91,6.2,overcast clouds
538,Santa Isabel Do Rio Negro,BR,2021-10-10 21:26:26,-0.4139,-65.0192,89.62,55,39,3.04,scattered clouds
539,Saldanha,ZA,2021-10-10 21:26:26,-33.0117,17.9442,59.05,58,77,9.66,broken clouds
540,Matay,EG,2021-10-10 21:26:27,28.419,30.7792,77.22,42,1,14.36,clear sky
541,Artigas,UY,2021-10-10 21:26:27,-30.4,-56.4667,66.78,94,100,10.33,moderate rain
542,Minab,IR,2021-10-10 21:26:27,27.1467,57.0801,81.9,20,0,12.44,clear sky
543,Svetlaya,RU,2021-10-10 21:26:27,46.5389,138.3297,49.14,61,30,7.29,scattered clouds
544,Skjern,DK,2021-10-10 21:26:28,55.95,8.5,52.39,75,100,10.36,overcast clouds
545,Sao Jose Da Coroa Grande,BR,2021-10-10 21:24:34,-8.8978,-35.1478,77.18,79,39,7.99,scattered clouds
546,Port Macquarie,AU,2021-10-10 21:26:28,-31.4333,152.9167,64.36,100,75,1.14,light rain
547,Muros,ES,2021-10-10 21:24:10,42.7762,-9.0603,63.09,61,0,12.68,clear sky
548,Santa Isabel,BR,2021-10-10 21:26:29,-23.3156,-46.2214,65.41,97,100,5.57,moderate rain
549,Port-Gentil,GA,2021-10-10 21:26:29,-0.7193,8.7815,76.96,88,20,4.61,few clouds
550,Puerto Madryn,AR,2021-10-10 21:26:29,-42.7692,-65.0385,74.57,28,25,25.19,scattered clouds
551,Ishigaki,JP,2021-10-10 21:26:29,24.3448,124.1572,82.53,89,75,33.38,broken clouds
552,Ekhabi,RU,2021-10-10 21:26:30,53.5102,142.9671,46.04,99,100,8.84,light rain
553,Acari,PE,2021-10-10 21:26:30,-15.4311,-74.6158,70.3,71,57,8.88,broken clouds
554,Alihe,CN,2021-10-10 21:26:30,50.5667,123.7167,36.88,76,0,6.76,clear sky
555,Kathu,TH,2021-10-10 21:26:31,7.9178,98.3332,84.69,90,91,22.57,overcast clouds
556,Cap Malheureux,MU,2021-10-10 21:26:31,-19.9842,57.6142,72.09,91,98,3.0,moderate rain
557,Maragogi,BR,2021-10-10 21:26:31,-9.0122,-35.2225,76.8,79,51,7.92,broken clouds
558,Atbasar,KZ,2021-10-10 21:24:16,51.8,68.3333,36.28,75,94,8.32,overcast clouds
559,Krasnoarmeysk,RU,2021-10-10 21:26:31,51.0239,45.6969,47.16,51,0,2.13,clear sky
560,Birjand,IR,2021-10-10 21:26:32,32.8663,59.2211,41.47,13,0,9.22,clear sky
561,Tosya,TR,2021-10-10 21:26:32,41.0155,34.0401,55.42,74,4,1.61,clear sky
562,Inongo,CD,2021-10-10 21:26:32,-1.95,18.2667,70.61,96,100,2.84,moderate rain
563,Alzey,DE,2021-10-10 21:26:33,49.7517,8.1161,49.23,72,34,2.35,scattered clouds
564,Rongcheng,CN,2021-10-10 21:26:33,30.634,117.8517,58.86,96,100,7.14,light rain
565,Jawhar,SO,2021-10-10 21:26:33,2.7809,45.5005,77.11,83,7,11.54,clear sky
566,Necochea,AR,2021-10-10 21:26:34,-38.5473,-58.7368,61.11,78,45,8.55,scattered clouds
567,Bilma,NE,2021-10-10 21:24:02,18.6853,12.9164,85.71,10,21,7.72,few clouds
568,Garautha,IN,2021-10-10 21:26:34,25.5667,79.3,80.51,45,4,1.5,clear sky
569,Barcelos,PT,2021-10-10 21:22:13,41.5388,-8.6151,70.84,45,73,6.04,broken clouds
570,Chicla,PE,2021-10-10 21:26:34,-11.705,-76.2686,54.55,54,77,4.7,moderate rain
571,Tignere,CM,2021-10-10 21:26:35,7.3667,12.65,64.85,95,100,1.34,light rain
572,Bosaso,SO,2021-10-10 21:26:35,11.2842,49.1816,85.42,64,74,2.06,broken clouds
573,Mandleshwar,IN,2021-10-10 21:26:35,22.1833,75.6667,79.88,69,71,2.24,broken clouds
574,Ginda,IN,2021-10-10 21:26:36,30.6945,78.4932,56.03,46,0,7.16,clear sky
575,La Ronge,CA,2021-10-10 21:26:36,55.1001,-105.2842,53.82,58,75,4.61,broken clouds
576,Lannion,FR,2021-10-10 21:26:36,48.75,-3.4167,60.67,94,75,4.61,broken clouds
577,Lodja,CD,2021-10-10 21:26:37,-3.4833,23.4333,70.81,97,100,2.15,light rain
578,Ellensburg,US,2021-10-10 21:24:01,46.9965,-120.5479,63.25,54,1,11.01,clear sky
579,Alyangula,AU,2021-10-10 21:26:37,-13.8483,136.4192,69.67,94,100,4.61,overcast clouds
580,San Cristobal,VE,2021-10-10 21:23:37,7.7669,-72.225,80.78,93,86,2.93,moderate rain
581,Bakchar,RU,2021-10-10 21:26:37,57.0186,82.0711,26.53,81,98,3.65,overcast clouds
582,North Bend,US,2021-10-10 21:25:56,43.4065,-124.2243,61.25,82,20,12.66,few clouds
583,Karasuk,RU,2021-10-10 21:26:38,53.7377,78.0403,38.79,95,100,7.76,light rain
584,Northport,US,2021-10-10 21:26:38,33.229,-87.5772,84.69,62,1,8.05,clear sky
